id,title,text,category
1,Kenya Gains Independence from Britain,"Kenya officially gained independence from British colonial rule on December 12, 1963, with Jomo Kenyatta becoming the first Prime Minister. The independence celebrations were held at Uhuru Gardens in Nairobi, marking the end of decades of colonial administration. Kenya later became a republic on December 12, 1964.",Political
2,Jomo Kenyatta Becomes Kenya First President,"Jomo Kenyatta was sworn in as Kenya first President on December 12, 1964, when the country transitioned from a dominion to a republic. Kenyatta had been imprisoned by British colonial authorities during the Mau Mau uprising before independence. He served as president until his death in 1978 and is widely regarded as the founding father of the nation.",Political
3,Daniel arap Moi Assumes Presidency,"Daniel arap Moi became Kenya second President on August 22, 1978, following the death of Jomo Kenyatta. Moi who had served as Vice President led Kenya for 24 years until 2002. His tenure was marked by one-party rule under KANU economic challenges and significant human rights controversies.",Political
4,1982 Coup Attempt in Kenya,"On August 1, 1982, a faction of the Kenya Air Force attempted a coup against President Daniel arap Moi. The coup attempt failed within hours after the Army and General Service Unit remained loyal to the government. Several air force officers were killed many were court-martialed and the Kenya Air Force was subsequently disbanded.",Political
5,Kenya Transitions to Multi-Party Democracy,"In 1991, Kenya transitioned from a single-party state to a multi-party democracy following domestic and international pressure. President Moi repealed Section 2A of the Constitution which had banned opposition parties. The first multi-party elections were held in December 1992 though Moi won amid widespread allegations of electoral fraud.",Political
6,Mwai Kibaki Wins 2002 Presidential Election,Mwai Kibaki won Kenya 2002 presidential election in a landslide victory defeating KANU candidate Uhuru Kenyatta. Kibaki running under the National Rainbow Coalition received over 62 percent of the vote. His election ended 24 years of Daniel arap Moi rule and was seen as a major democratic milestone for Kenya.,Political
7,2007-2008 Post-Election Violence in Kenya,Following the disputed December 2007 presidential election between Mwai Kibaki and Raila Odinga Kenya erupted in widespread violence that lasted approximately two months. Over 1300 people were killed and more than 600000 were displaced from their homes. The crisis ended with a power-sharing agreement brokered by former UN Secretary-General Kofi Annan.,Political
8,Kenya Adopts New Constitution in 2010,"Kenya promulgated a new Constitution on August 27, 2010, replacing the independence constitution of 1963. The new constitution was approved by over 67 percent of voters in a referendum. Key changes included a devolved system of 47 counties a bicameral parliament and a strengthened Bill of Rights.",Political
9,Uhuru Kenyatta Wins 2013 Presidential Election,Uhuru Kenyatta won Kenya March 2013 presidential election becoming the country fourth president. Kenyatta son of founding father Jomo Kenyatta won with 50.07 percent of the vote narrowly avoiding a runoff against Raila Odinga. His election was notable as he was also facing charges at the International Criminal Court at the time.,Political
10,Kenya ICC Cases Collapse,The International Criminal Court cases against President Uhuru Kenyatta and Deputy President William Ruto related to the 2007-2008 post-election violence were dropped between 2014 and 2016. The ICC cited insufficient evidence and witness interference as reasons for withdrawing the charges. The collapse of the cases was a major political victory for the Kenyan government.,Political
11,2017 Kenyan Presidential Election Nullified,"In a historic ruling on September 1, 2017, Kenya Supreme Court nullified the August 2017 presidential election results that had declared Uhuru Kenyatta the winner. The court cited irregularities in the electronic transmission of results. This made Kenya only the second African country to have a presidential election nullified by its own courts.",Political
12,Handshake Between Kenyatta and Odinga 2018,"On March 9, 2018, President Uhuru Kenyatta and opposition leader Raila Odinga shook hands at Harambee House in Nairobi signaling a political truce after months of post-election tension. The handshake launched the Building Bridges Initiative a joint effort to promote national unity and address systemic issues in Kenyan politics.",Political
13,William Ruto Wins 2022 Presidential Election,"William Ruto was declared winner of Kenya August 9, 2022 presidential election by the IEBC receiving 50.49 percent of the vote against Raila Odinga 48.85 percent. Ruto election as Kenya fifth president was challenged at the Supreme Court but upheld on September 5, 2022. He was inaugurated on September 13, 2022.",Political
14,Kenya BBI Ruling by Court of Appeal,Kenya Court of Appeal in August 2021 upheld a High Court ruling that declared the Building Bridges Initiative constitutional amendment process illegal. The court ruled that President Kenyatta had no authority to initiate a popular initiative under the constitution effectively killing the BBI proposal that sought wide-ranging constitutional changes.,Political
15,Kenya Holds First Devolved County Elections 2013,"Kenya held its first devolved county elections on March 4, 2013 alongside the general election. Citizens elected 47 county governors 47 senators 290 members of the National Assembly and 47 women representatives. The devolution system established under the 2010 Constitution transferred significant powers and resources from the central government to county governments.",Political
16,Anti-Finance Bill Protests 2024,In June 2024 massive protests erupted across Kenya against the proposed Finance Bill 2024 which contained controversial tax measures including levies on bread cooking oil and financial transactions. The protests largely organized by young Kenyans through social media led to demonstrators storming Parliament on June 25 2024. President Ruto withdrew the bill and promised dialogue with protesters.,Political
17,President Ruto Fires Cabinet After Protests 2024,Following the anti-Finance Bill protests of June 2024 President William Ruto dismissed most of his cabinet ministers in a major reshuffle. The move was seen as a response to public pressure after protests that turned deadly. Ruto announced a broad-based government that included opposition figures in key ministries.,Political
18,Kenya Sends Police to Haiti Mission,Kenya led a multinational security support mission to Haiti beginning in 2024 with Kenyan police officers deployed to help restore order in the Caribbean nation ravaged by gang violence. The mission authorized by the United Nations Security Council made Kenya the lead nation in one of its most ambitious international security deployments.,Political
19,Raila Odinga Announces Presidential Run 2022,Raila Odinga announced his candidacy for the 2022 presidential election backed by President Uhuru Kenyatta in a major political realignment. Odinga running under the Azimio la Umoja coalition faced William Ruto of the Kenya Kwanza coalition. The race was one of the most closely contested in Kenya history with results disputed before being upheld by the Supreme Court.,Political
20,Kenya Implements Devolution System,Kenya successfully implemented its devolved system of government following the 2013 elections transferring significant resources and functions to the 47 newly created county governments. The devolution system was seen as a major achievement of the 2010 Constitution enabling communities to access government services locally. County governors became powerful political figures in their regions.,Political
21,Kenya Senate Debates County Revenue Sharing,Kenya Senate periodically debates the formula for sharing revenue between the national government and county governments. The formula determined how billions of shillings were distributed among the 47 counties. Counties with large populations and those with historically underdeveloped areas competed for larger allocations in complex negotiations.,Political
22,Kenyan Parliament Impeaches County Governor,Kenya Parliament and county assembly procedures for impeaching governors were tested multiple times as various county governors faced impeachment proceedings. The constitutional provisions for impeachment provided mechanisms for accountability of elected county leaders. Some impeachment attempts succeeded while others were overturned by courts.,Political
23,Kenya Independent Electoral Commission Reforms,The Independent Electoral and Boundaries Commission (IEBC) underwent significant scrutiny and calls for reform following multiple disputed elections. Changes to the commission including new appointments of commissioners were contentious political issues. The composition and independence of the IEBC was seen as critical for credible electoral processes in Kenya.,Political
24,Kenya Jubilee Party Formation,Uhuru Kenyatta and William Ruto merged their respective parties to form the Jubilee Party ahead of the 2017 general election. The merger brought together various parties that had supported the Jubilee coalition in 2013. The Jubilee Party dominated politics until the 2022 elections when Ruto broke away to form the Kenya Kwanza coalition.,Political
25,ODM Party Role in Kenyan Politics,The Orange Democratic Movement (ODM) founded by Raila Odinga became one of Kenya dominant political parties. The party drew support from western Kenya and parts of the coast and Nairobi. ODM participated in coalition governments and opposition politics and has been a consistent force in Kenyan multi-party democracy since 2007.,Political
26,M-Pesa Mobile Money Transforms Kenya Economy,"Safaricom launched M-Pesa in March 2007, creating a revolutionary mobile money transfer service that transformed Kenya financial landscape. By allowing people to send and receive money via mobile phones M-Pesa enabled millions of unbanked Kenyans to access financial services. The service grew to process billions of dollars in transactions annually and became a global model.",Economic
27,Kenya Launches Vision 2030 Development Blueprint,Kenya launched its Vision 2030 long-term development blueprint in 2008 under President Mwai Kibaki. The plan aimed to transform Kenya into a newly industrializing middle-income country by 2030. The vision was structured around three pillars: economic social and political governance.,Economic
28,Standard Gauge Railway Construction by China,The Standard Gauge Railway connecting Nairobi to Mombasa was constructed by China CRRC Corporation and financed largely by Chinese loans. The railway inaugurated in May 2017 reduced travel time between the two cities from 12 hours by road to approximately 4.5 hours. The project cost approximately 3.2 billion USD and was part of Kenya ambitious infrastructure agenda.,Economic
29,Kenya Tea Industry Dominates Export Earnings,Kenya is one of the world leading tea exporters with the industry contributing significantly to export earnings and employing millions of people in the highlands. The Mombasa Tea Auction established in 1956 is the largest tea auction in the world. Kenyan tea known for its bright color and strong flavor is exported to over 50 countries.,Economic
30,Kenya Becomes Africa Tech Hub Silicon Savannah,Nairobi emerged as one of Africa leading technology and innovation hubs earning the nickname Silicon Savannah. The city attracted major technology companies including Google Microsoft IBM and numerous startups. Kenya thriving tech ecosystem was supported by widespread mobile phone penetration a young tech-savvy population and favorable government policies.,Economic
31,Kenya Discovers Oil in Turkana County,Tullow Oil announced the discovery of commercially viable oil deposits in Kenya Turkana County in 2012 marking a significant moment for the East African nation. The discovery raised hopes of transforming Kenya into an oil-producing country. Progress toward full commercial production was slow due to infrastructure challenges community disputes and fluctuating global oil prices.,Economic
32,Kenya Flower Industry Blossoms as Major Exporter,Kenya flower industry grew to become one of the largest in the world with the country supplying approximately 38 percent of cut flowers sold in the European Union. The industry concentrated in the highlands around Lake Naivasha employed hundreds of thousands of workers and generated billions of shillings in export earnings annually.,Economic
33,Equity Bank Expansion Across Africa,Equity Bank founded in Kenya grew from a small building society into one of Africa largest banks by customer numbers. The bank model of providing financial services to low-income populations was widely praised and replicated. Equity expanded operations across multiple African countries including Uganda Tanzania Rwanda South Sudan and the Democratic Republic of Congo.,Economic
34,Kenya Issues First Eurobond,Kenya issued its debut Eurobond in 2014 raising 2 billion USD from international capital markets to finance infrastructure projects and refinance existing debt. The bond was heavily oversubscribed indicating strong investor confidence in the Kenyan economy. Subsequent Eurobond issuances followed though they also raised concerns about Kenya growing external debt obligations.,Economic
35,Safaricom Expansion into Ethiopia,Safaricom Kenya largest telecommunications company launched operations in Ethiopia in 2022 as part of a consortium. The entry into Ethiopia Africa second most populous nation with over 100 million people represented a major expansion opportunity. Ethiopia had previously maintained a state monopoly on telecommunications and Safaricom entry marked the liberalization of the sector.,Economic
36,Geothermal Energy Powers Kenya Electricity Grid,Kenya developed one of Africa largest geothermal energy programs with the Olkaria Geothermal Complex in Nakuru County generating a significant portion of the country electricity. The geothermal program reduced Kenya dependence on expensive oil-based power and helped lower electricity costs. Kenya became a global leader in geothermal energy development.,Economic
37,Kenya Avocado Export Boom,Kenya experienced a significant boom in avocado production and export with the country becoming one of Africa leading avocado exporters. Kenyan avocados found markets in Europe China and the Middle East. The crop became increasingly popular among smallholder farmers as an alternative to traditional cash crops with concerns raised about water usage and environmental sustainability.,Economic
38,Kenya Tourism Industry Revenue Milestone,Kenya tourism industry generated record revenues in various years with the country attracting millions of visitors annually to its world-renowned national parks wildlife reserves and beaches. The Maasai Mara Amboseli and Tsavo national parks were among the top tourist destinations contributing significantly to Kenya GDP.,Economic
39,Kenya Public Debt Reaches Critical Levels,Kenya public debt grew significantly during the 2010s and early 2020s raising concerns among economists and international financial institutions. The country borrowed heavily for infrastructure projects with debt levels crossing the legally mandated 55 percent of GDP threshold. The government faced pressure to reduce borrowing and improve revenue collection to ensure debt sustainability.,Economic
40,Kenya IMF Loan Agreement,Kenya entered into a loan agreement with the International Monetary Fund to support its economic recovery following the COVID-19 pandemic economic impacts. The agreement provided Kenya with access to billions of dollars in funding subject to economic reforms including improvements in tax collection reduction of wasteful expenditure and enhanced transparency in public financial management.,Economic
41,Nairobi Securities Exchange Performance,The Nairobi Securities Exchange established in 1954 is one of Africa leading stock exchanges and serves as a regional hub for East African capital markets. The exchange has listed companies from across the region and introduced various financial instruments including bonds futures and exchange-traded funds. The NSE plays a critical role in Kenya economic development.,Economic
42,Kenya Revenue Authority Exceeds Collection Targets,The Kenya Revenue Authority periodically announced exceeding revenue collection targets driven by improved tax administration digital systems and expanded tax base. The authority introduced various measures including the iTax system electronic tax registers and data analytics to improve compliance and reduce tax evasion contributing to increased government revenues.,Economic
43,Kenya Digital Economy Blueprint,Kenya launched its Digital Economy Blueprint in 2019 outlining a comprehensive strategy to transform the country into a digital economy. The blueprint covered areas including digital government digital business digital infrastructure digital innovation and entrepreneurship and digital skills. The strategy aimed to increase the contribution of the digital economy to Kenya GDP significantly.,Economic
44,William Ruto Hustler Fund Launched,President William Ruto launched the Hustler Fund in November 2022 as a digital lending platform providing small loans to individuals and micro-enterprises through mobile phones. The fund quickly disbursed billions of shillings to millions of Kenyans who had previously lacked access to affordable credit. Critics raised questions about the fund sustainability interest rates and long-term impact on financial inclusion.,Economic
45,Kenya Lake Turkana Wind Power Project,Kenya developed the Lake Turkana Wind Power project in northern Kenya one of Africa largest wind energy projects. The project with over 360 wind turbines added significant capacity to Kenya electricity grid and helped reduce dependence on expensive oil-based power. The project faced logistical challenges due to its remote location but was eventually completed and connected to the national grid.,Economic
46,Kenya Agricultural Sector Challenges,Kenya agricultural sector which employs the majority of the population faced persistent challenges including unpredictable rainfall limited access to inputs and credit poor infrastructure and post-harvest losses. The government implemented various programs to support farmers including subsidized fertilizer distribution irrigation schemes and crop insurance programs.,Economic
47,Kenya Sugar Industry Struggles,Kenya sugar industry faced chronic challenges including outdated equipment at state-owned sugar mills high production costs smuggled sugar imports and disputes over cane prices between farmers and millers. The industry employed hundreds of thousands of people in western Kenya but struggled to compete with cheaper imports. Government interventions including privatization of mills were considered.,Economic
48,Kenya Maize Shortage and Food Security Concerns,Kenya periodically faced maize shortages that threatened food security for millions of people particularly those dependent on ugali as a staple food. Shortages resulted from drought high input costs inadequate storage infrastructure and other factors. The government responded with importation of maize and subsidized distribution programs though these measures often fell short of meeting demand.,Economic
49,Nairobi Ranked Top African City for Business,Nairobi was consistently ranked among the top African cities for business investment and innovation. The city modern infrastructure large skilled workforce vibrant private sector and regional connectivity made it attractive to multinational corporations and investors. Major companies used Nairobi as their East African or continental headquarters.,Economic
50,Kenya Betting Industry Growth and Regulation,Kenya sports betting industry grew rapidly generating significant tax revenue for the government. The expansion of mobile money made it easy for Kenyans to place bets online and numerous domestic and international betting companies entered the market. The industry rapid growth also raised social concerns particularly about problem gambling among young people.,Economic
51,1998 US Embassy Bombing in Nairobi,"On August 7, 1998, a truck bomb exploded outside the United States Embassy in Nairobi Kenya killing 213 people and injuring over 4000. The attack was simultaneously carried out with a bombing at the US Embassy in Dar es Salaam Tanzania. Al-Qaeda claimed responsibility for the attacks which led to significant US military responses and became a turning point in global counterterrorism efforts.",Security
52,Westgate Shopping Mall Attack 2013,"On September 21, 2013, Al-Shabaab militants attacked the Westgate Shopping Mall in Nairobi killing at least 67 people in a siege that lasted four days. The attack which targeted a popular upscale mall shocked Kenya and the international community. The perpetrators engaged security forces in prolonged gunbattles before the siege was ended prompting major security reviews across Kenya.",Security
53,Garissa University Attack 2015,"On April 2, 2015, Al-Shabaab gunmen attacked Garissa University College in northeastern Kenya killing 148 people mostly students. The attack lasted approximately 15 hours before Kenyan security forces killed the four attackers. The massacre was the deadliest terror attack in Kenya since the 1998 US Embassy bombing and led to calls for improved security and better counter-terrorism measures.",Security
54,Kenya Sends Troops to Somalia,Kenya launched a military operation code-named Linda Nchi meaning Protect the Country in October 2011 sending Kenya Defence Forces into southern Somalia to combat Al-Shabaab militants. The operation came after a series of kidnappings of foreigners in Kenya. Kenyan forces subsequently joined the African Union Mission in Somalia contributing significantly to the effort to stabilize the country.,Security
55,Dusit D2 Hotel Terror Attack 2019,"On January 15, 2019, Al-Shabaab militants attacked the DusitD2 hotel complex in Nairobi Westlands area killing 21 people. The attack began with a car bomb at the hotel parking lot followed by gunmen storming the building. Kenyan security forces rescued hundreds of people and neutralized the attackers by the following morning demonstrating improved counterterrorism capacity.",Security
56,Kenya US Security Cooperation Partnership,Kenya and the United States maintained a close security cooperation relationship with the US providing counterterrorism training equipment and intelligence support to Kenyan security forces. The partnership intensified following the 1998 Embassy bombing and the subsequent rise of Al-Shabaab. US military personnel operated from Kenyan bases as part of regional counterterrorism efforts.,Security
57,Mombasa Republican Council Secessionist Movement,The Mombasa Republican Council a secessionist movement in Kenya Coast region periodically called for the secession of the Coast region from Kenya. The movement argued that coastal communities were marginalized and that the region land had been taken from local communities. The Kenyan government declared the MRC illegal but the movement continued to operate.,Security
58,Kenya Hosts Dadaab Somali Refugee Camp,Kenya hosted one of the world largest refugee populations primarily Somali refugees at the Dadaab refugee complex in northeastern Kenya. At its peak Dadaab housed nearly 500000 refugees making it one of the largest refugee camps in the world. Kenya periodically threatened to close Dadaab and repatriate refugees to Somalia creating tension with the UNHCR and international human rights organizations.,Security
59,Kenya Ethiopia Border Security Challenges,Clashes periodically erupted along the Kenya-Ethiopia border between ethnic communities competing over grazing land and water resources. The conflicts which often involved illegal small arms resulted in deaths and displacement of communities. The governments of Kenya and Ethiopia worked together through peace initiatives and security cooperation to address the root causes of the cross-border conflicts.,Security
60,Kenya Police Service Reforms,Kenya implemented reforms to the National Police Service aimed at improving accountability reducing corruption and enhancing public safety. Reforms included creation of the Independent Policing Oversight Authority vetting of police officers and training programs. Despite progress concerns about extrajudicial killings police brutality and corruption within the service remained persistent challenges.,Security
61,Kenya Drug Trafficking Transit Route,Kenya position as a major transport hub made it vulnerable to drug trafficking by criminal networks using the country as a transit point. Authorities worked to combat drug trafficking through intelligence operations port and airport controls and regional cooperation. The availability of heroin and other drugs in coastal cities like Mombasa created serious public health challenges.,Security
62,Kenya Fights Al-Shabaab Financing,Kenya worked to disrupt the financing mechanisms of Al-Shabaab which funded its operations through taxation of businesses in Somalia illegal charcoal exports ivory trafficking and overseas fundraising. Kenyan financial intelligence authorities worked with international partners to identify and freeze assets linked to terrorist financing particularly from the diaspora community.,Security
63,Kenya Military Modernization,Kenya Defence Forces undertook modernization efforts to upgrade equipment training and capabilities. The military acquired new equipment including aircraft naval vessels and armoured vehicles. Kenyan military personnel participated in United Nations peacekeeping missions across Africa enhancing their skills and contributing to continental peace and security efforts.,Security
64,Kenya Cyber Security Threats,Kenya faced growing cyber security threats including ransomware attacks on government systems data breaches affecting financial institutions and online fraud targeting individuals. The government established the National Computer Incident Response Team and enacted cyber security legislation to address the growing digital threat landscape.,Security
65,Kenya Somalia Diplomatic Tensions,Kenya and Somalia experienced diplomatic tensions over maritime boundary disputes and accusations of interference in each other internal affairs. The two countries periodically recalled ambassadors and suspended diplomatic relations before restoring them. The disputes affected regional cooperation efforts and were subjects of mediation by East African institutions.,Security
66,Wangari Maathai Wins Nobel Peace Prize,Wangari Maathai became the first African woman to win the Nobel Peace Prize in 2004 recognized for her contribution to sustainable development democracy and peace through her Green Belt Movement. Maathai founded the movement in 1977 which mobilized women to plant trees across Kenya to fight deforestation soil erosion and water shortages. She also served as an assistant minister for environment.,Environment
67,Kenya Burns Ivory Stockpile,Kenya conducted several high-profile ivory burning ceremonies to send a message against elephant poaching and illegal ivory trade. The most famous burn was in 1989 under President Daniel arap Moi when Kenya burned 12 tonnes of ivory worth millions of dollars. Kenya repeated the symbolic gesture in subsequent years with ever-larger burns of confiscated ivory and rhino horn stockpiles.,Environment
68,Maasai Mara Wildebeest Migration Spectacle,The annual wildebeest migration in the Maasai Mara ecosystem where over 1.5 million wildebeest zebras and gazelles migrate between Tanzania Serengeti and Kenya Maasai Mara was recognized as one of the world greatest wildlife spectacles. The migration attracted hundreds of thousands of tourists annually and was a major driver of Kenya tourism industry and local community income.,Environment
69,Mount Kenya UNESCO World Heritage Site,Mount Kenya National Park and Natural Forest was inscribed as a UNESCO World Heritage Site in 1997 for its outstanding natural importance. Mount Kenya Africa second highest peak at 5199 meters is a symbol of Kenya and is revered by the Kikuyu people. The mountain glaciers have been retreating significantly due to climate change raising concerns about future water supplies.,Environment
70,Kenya Bans Plastic Bags 2017,Kenya implemented one of the world toughest bans on plastic bags in August 2017 making it illegal to manufacture sell or use plastic bags. Violators faced fines of up to 38000 USD or up to four years in prison. The ban was part of Kenya effort to address plastic pollution which had become a serious environmental problem. Kenya later extended the ban to cover single-use plastics in parks and beaches.,Environment
71,Last Male Northern White Rhino Dies in Kenya,"Sudan the world last male northern white rhino died on March 19, 2018, at Ol Pejeta Conservancy in Kenya at the age of 45. His death left only two female northern white rhinos Najin and Fatu alive in the world. Scientists worked on advanced reproductive techniques including in-vitro fertilization to save the subspecies from extinction using preserved genetic material.",Environment
72,Kenya Rhino Conservation Success,Kenya achieved significant success in rhinoceros conservation through the work of the Kenya Wildlife Service and conservation organizations. The black rhino population which had been severely reduced by poaching in the 1970s and 1980s made a gradual recovery in Kenyan sanctuaries. Ol Pejeta Conservancy became home to some of the world last northern white rhinos.,Environment
73,Lake Victoria Pollution and Hyacinth Crisis,Lake Victoria Africa largest lake shared by Kenya Uganda and Tanzania faced serious threats from water hyacinth invasion pollution and overfishing. The invasive water hyacinth plant periodically covered vast areas of the lake blocking sunlight depleting oxygen and affecting fish populations. The three countries cooperated through the Lake Victoria Basin Commission to address the shared environmental challenges.,Environment
74,Nairobi National Park Under Threat from Development,Nairobi National Park the world only wildlife reserve adjacent to a capital city faced increasing pressure from urban expansion land encroachment and infrastructure development. The construction of a standard gauge railway through the park migratory corridor generated significant controversy among conservation groups. The park was home to lions leopards rhinos and hundreds of bird species.,Environment
75,Kenya Deforestation and Reforestation Campaigns,Kenya faced serious deforestation challenges with forest cover declining over decades due to charcoal production agricultural expansion illegal logging and settlement. The government launched large-scale tree planting campaigns with targets to plant billions of trees. Community tree planting initiatives supported by organizations like the Green Belt Movement contributed significantly to reforestation efforts.,Environment
76,Kenya Climate Change Adaptation Programs,Kenya developed and implemented various climate change adaptation programs to address the impacts of changing weather patterns on agriculture water resources and human settlements. The government National Climate Change Action Plan outlined measures to build resilience. Kenya was also active in international climate negotiations advocating for climate finance for developing countries.,Environment
77,El Nino Flooding Devastates Kenya,Kenya experienced severe flooding during El Nino weather events causing widespread destruction across the country. The El Nino of 1997-1998 was particularly devastating causing deaths displacing hundreds of thousands of people and damaging infrastructure and crops. Subsequent El Nino events in 2024 also caused significant flooding in low-lying areas and informal settlements killing hundreds of people.,Environment
78,Kenya Drought Emergency Northern Regions,Kenya experienced severe droughts that affected millions of people particularly in the arid and semi-arid northern regions of the country. The droughts caused livestock deaths crop failures and food insecurity requiring emergency humanitarian assistance. The government and international organizations responded with food distribution water trucking and support for affected communities.,Environment
79,Locust Invasion Threatens Kenyan Crops 2020,Kenya was affected by one of the worst locust invasions in decades beginning in 2019-2020 with swarms of desert locusts threatening crops and livelihoods in various counties. The locusts which can eat their own weight in food daily posed a serious threat to food security. The government mounted aerial and ground spraying operations to control the locusts with support from international organizations.,Environment
80,Kenya Hosts Africa Climate Summit 2023,Nairobi hosted the Africa Climate Summit in September 2023 bringing together African heads of state and international leaders to discuss climate change and its impacts on the continent. The summit produced the Nairobi Declaration which called for greater climate finance for Africa carbon market mechanisms that benefit African countries and a global transition away from fossil fuels.,Environment
81,Kenya Community Wildlife Conservancies,Community wildlife conservancies in Kenya became an increasingly important model for wildlife conservation outside national parks. In areas like Laikipia Samburu and the Maasai Mara ecosystem community conservancies provided wildlife corridors generated income for local communities and supported conservation of endangered species demonstrating that conservation and community livelihoods could be mutually reinforcing.,Environment
82,Kenya Participates in Paris Climate Agreement,Kenya was among the countries that signed and ratified the Paris Agreement on climate change in 2015. The country submitted ambitious Nationally Determined Contributions committing to significant reductions in greenhouse gas emissions largely through expansion of renewable energy. Kenya advocated for developed countries to fulfill their financial commitments to support developing nations climate action.,Environment
83,Mara River Water Crisis,The Mara River which flows through both Kenya and Tanzania and is critical for the Maasai Mara ecosystem faced declining water levels due to deforestation agricultural expansion and climate change. The diminishing water flow threatened both the annual wildebeest migration and communities dependent on the river. Conservation organizations worked on watershed management programs in the Mau Forest Complex.,Environment
84,Kenya Mau Forest Restoration,The Mau Forest Complex one of East Africa largest water towers faced severe degradation through encroachment by settlers and farmers. The government together with local communities and international partners undertook massive reforestation efforts. The restoration of the Mau Forest was seen as critical for water security for millions of Kenyans dependent on rivers that originate there.,Environment
85,Amboseli Ecosystem Challenges,Amboseli National Park and the surrounding ecosystem in southern Kenya faced challenges including conflict between wildlife and local Maasai communities droughts affecting both wildlife and livestock and the impacts of increasing tourist numbers. Community conservancies around Amboseli played an important role in wildlife conservation while providing economic benefits to local communities.,Environment
86,Eliud Kipchoge Breaks Two-Hour Marathon Barrier,"Eliud Kipchoge of Kenya became the first person to run a marathon in under two hours on October 12, 2019, at the INEOS 1:59 Challenge in Vienna Austria. Kipchoge completed the 42.195km course in 1 hour 59 minutes and 40 seconds. While the time was not an official world record due to the event unique conditions it was a landmark moment in athletic history.",Sports
87,Kipchoge Sets Official Marathon World Record,Eliud Kipchoge set the official world marathon record of 2:01:09 at the Berlin Marathon in September 2018 breaking the previous record by 78 seconds. He is widely regarded as the greatest marathon runner in history having dominated international marathon racing for over a decade. Kipchoge became a global ambassador for running and Kenyan athletics.,Sports
88,David Rudisha Breaks 800m World Record at Olympics,David Rudisha of Kenya broke the 800m world record at the 2012 London Olympics with a stunning run of 1:40.91 becoming the first man to run the event in under 1:41. His perfectly paced race in which he led from start to finish and helped other competitors to their own personal bests was widely hailed as one of the greatest athletic performances in Olympic history.,Sports
89,Faith Kipyegon Dominates Women Middle Distance,Faith Kipyegon became one of Kenya greatest female athletes winning consecutive Olympic gold medals in the 1500m at the 2016 Rio and 2020 Tokyo Games. She set multiple world records in the 1500m the mile and the 5000m cementing her status as the greatest female middle-distance runner of her generation. Kipyegon became a role model for young Kenyan women in athletics.,Sports
90,Faith Kipyegon World Record 1500m 2023,Faith Kipyegon set a new world record in the women 1500m at the Diamond League meeting in Florence in May 2023 clocking 3:49.11. She subsequently broke world records in the mile and the 5000m in the same season. Her extraordinary performances in a single season made her one of the greatest middle-distance runners in the history of athletics.,Sports
91,Kenya Dominates Olympic Athletics Medals,Kenya has been one of the most dominant nations in Olympic athletics particularly in middle and long-distance events. Since Kenyan runners first made their mark at the 1968 Mexico City Olympics the country has won dozens of gold medals. Kenyan athletes have particularly dominated the 800m 1500m 3000m steeplechase 5000m and 10000m events across multiple Olympic Games.,Sports
92,Catherine Ndereba Dominates World Marathons,Catherine Ndereba nicknamed Catherine the Great became one of Kenya most decorated female marathon runners winning the Boston Marathon four times between 2000 and 2005. She also won two World Marathon Majors titles and silver medals at the 2004 and 2008 Olympics. Ndereba success inspired a generation of Kenyan female long-distance runners.,Sports
93,Kenya Wins World Cross Country Championships,Kenya has won the World Cross Country Championships more times than any other nation with both the men and women teams consistently dominating the competition. The championships organized by World Athletics are held annually and serve as a showcase for Kenya depth of talent in long-distance running. Kenyan dominance in cross country has continued for decades.,Sports
94,Nicholas Bett Wins World Hurdles Title,Nicholas Bett became Kenya first world champion in the 400m hurdles when he won the 2015 World Athletics Championships in Beijing. His victory was unexpected as he had not been among the favorites and it demonstrated Kenya depth of talent beyond its traditional middle and long-distance events. Bett success was celebrated as a breakthrough for Kenyan sprinting.,Sports
95,Vivian Cheruiyot Multiple World Titles,Vivian Cheruiyot became one of Kenya most decorated female athletes winning multiple World Athletics Championship titles and an Olympic gold medal in the 10000m at the 2016 Rio Olympics. Cheruiyot also won the London Marathon in 2018 and was celebrated for her longevity and consistency at the top level of the sport over more than a decade.,Sports
96,Kenya Rugby Sevens Shujaa at World Series,Kenya rugby sevens team the Shujaa became one of the world top teams in the World Rugby Sevens Series. The team achieved podium finishes at multiple tournaments and qualified for the Olympic Games raising the profile of rugby in Kenya. The success of the sevens team inspired growth in rugby participation across the country.,Sports
97,Kenya Safari Rally Returns to WRC Calendar,The Safari Rally one of the world most famous and challenging motorsport events was revived as part of the World Rally Championship calendar. The rally held on Kenya rough terrain attracted international rally teams and drivers. The revival of the Safari Rally as a WRC event boosted Kenya motorsport profile and brought significant economic benefits to the country.,Sports
98,Kenyan Athletes Doping Scandals,Kenya athletics program faced a series of doping scandals that threatened the country reputation as a clean sport nation. Several athletes tested positive for prohibited substances including EPO erythropoietin. The Athletics Integrity Unit and the World Anti-Doping Agency conducted investigations. Kenya was placed on a watchlist and the Athletics Kenya federation implemented anti-doping education programs.,Sports
99,Kipchoge Paris Olympics 2024,Eliud Kipchoge competed at the 2024 Paris Olympics marathon seeking to defend his Olympic title and win an unprecedented third consecutive Olympic marathon gold medal. The race was held on the streets of Paris and Kipchoge faced competition from younger athletes who had been improving rapidly. His performance at the Paris Games generated significant interest both in Kenya and internationally.,Sports
100,Harambee Stars Kenya Football National Team AFCON,Kenya national football team the Harambee Stars qualified for the Africa Cup of Nations in 2019 competing in the tournament held in Egypt. The team faced challenges including funding issues infrastructure deficits and the need to develop talented young players from grassroots level. Football remained Kenya most popular team sport by fan following with millions of passionate supporters.,Sports
101,Kenya Hosts World Athletics Cross Country,Kenya hosted the World Athletics Cross Country Championships in Aarhus and Nairobi providing local athletes with world-class competition on home soil. The hosting of major athletics events in Kenya boosted the sport locally and gave international fans a chance to experience the East African running culture. Kenyan runners consistently dominated the championships.,Sports
102,Eliud Kipchoge Wins Tokyo Olympic Marathon,Eliud Kipchoge successfully defended his Olympic marathon title at the Tokyo 2020 Games held in 2021 winning gold in dominant fashion. His victory confirmed his status as the greatest marathon runner of all time having now won two consecutive Olympic marathon titles. Kipchoge performance at the humid Sapporo course was widely praised despite the challenging conditions.,Sports
103,Kenya Basketball Players in International Leagues,Kenya basketball federation worked to develop the sport at grassroots and elite levels with Kenyan players increasingly getting opportunities in European and American professional leagues. The national teams the Morans and Lionesses competed in AfroBasket championships. The NBA Basketball Africa League attracted attention to Kenyan basketball talent.,Sports
104,Kenya Athletics Training Camps in Rift Valley,Kenya Rift Valley particularly around Iten and Eldoret became renowned globally as the home of champions with hundreds of elite athletes from Kenya and around the world training at high altitude. The thin air and running culture of the region were credited with producing exceptional distance runners. International athletes visited the camps seeking to gain a competitive edge.,Sports
105,Brigid Kosgei Breaks Women Marathon World Record,Brigid Kosgei of Kenya shattered the women marathon world record at the 2019 Chicago Marathon clocking 2:14:04 breaking the previous record by over a minute. Her record-breaking performance demonstrated Kenya continued dominance in marathon running across both genders. Kosgei became one of the most dominant marathon runners in the world during this period.,Sports
106,Kenya Education Free Primary School Policy,Kenya introduced free primary education in January 2003 under President Mwai Kibaki resulting in a dramatic increase in primary school enrollment. The program abolished school fees for public primary schools and the government provided textbooks and other learning materials. Enrollment increased by over 1 million children in the first year though the sudden influx strained the system infrastructure and teacher supply.,Social
107,Kenya Transitions to Competency Based Curriculum,Kenya implemented a major education reform by introducing the Competency Based Curriculum to replace the former 8-4-4 system. The new curriculum focused on developing learners competencies values and skills rather than primarily testing knowledge. The transition generated significant debate among parents teachers and educationists about implementation challenges costs and the readiness of the education system.,Social
108,Kibera Slum Nairobi Urban Challenge,Kibera located on the outskirts of Nairobi is one of Africa largest informal settlements with hundreds of thousands of residents. The Kenyan government and international organizations implemented upgrading projects to improve infrastructure including water sanitation roads and housing. The community also had a vibrant social and economic life with thousands of small businesses operating in the area.,Social
109,Wangari Maathai Green Belt Movement Legacy,Wangari Maathai founded the Green Belt Movement in 1977 which mobilized Kenyan women to plant over 51 million trees across Kenya. The movement empowered women and connected environmental conservation with democracy and human rights. After winning the Nobel Peace Prize in 2004 Maathai became an international ambassador for environmental activism until her death in 2011.,Social
110,Maasai Culture Preservation Efforts,The Maasai people of southern Kenya and northern Tanzania worked to preserve their traditional culture language and pastoral way of life in the face of modernization land pressure and climate change. Maasai cultural practices including distinctive dress music dance and ceremonies attracted significant tourist interest and contributed to Kenya cultural tourism industry.,Social
111,Kenya Female Genital Mutilation Ban Enforcement,Kenya banned female genital mutilation in 2011 and implemented programs to enforce the ban and provide alternatives to the practice. Despite the legal ban FGM continued in some communities particularly in northern Kenya and parts of the Rift Valley. Government and civil society campaigns worked to change attitudes and support girls and women who refused to undergo the procedure.,Social
112,Ngugi wa Thiong o Nobel Literature Nominations,Ngugi wa Thiong'o Kenya most celebrated novelist and playwright was repeatedly mentioned as a candidate for the Nobel Prize in Literature. His works including A Grain of Wheat and Petals of Blood explored themes of colonialism social justice and cultural identity. Ngugi was also known for his advocacy for writing and publishing in African languages rather than European ones.,Social
113,Kenyan Music Gengetone Afrobeats Rise,Kenya music scene evolved significantly in the 21st century with genres including Benga Kapuka Gengetone and Afrobeats gaining popularity. Kenyan artists like Sauti Sol Otile Brown and Khaligraph Jones gained continental and international recognition. The growth of streaming platforms and social media provided Kenyan musicians with larger audiences beyond East Africa.,Social
114,Kenya Film Industry Growth,Kenya film and television industry experienced significant growth in the 21st century with locally produced content gaining audiences domestically and internationally. The rise of streaming platforms provided new opportunities for Kenyan filmmakers and actors. Local productions explored themes relevant to Kenyan society and gained recognition at international film festivals.,Social
115,Lamu Cultural Festival Swahili Heritage,The Lamu Cultural Festival held annually in Lamu Island in northern coastal Kenya celebrates the Swahili culture and heritage of the region. The festival features traditional dhow races donkey races poetry competitions and cultural exhibitions. The event attracts visitors from around the world and helps preserve the unique Swahili cultural traditions of the Lamu Archipelago.,Social
116,Kenya Population Growth Challenges,Kenya population estimated at over 55 million people by the early 2020s grew rapidly throughout the late 20th and early 21st centuries. The high population growth rate created challenges for education healthcare employment and infrastructure provision. The government implemented family planning programs and worked to improve access to reproductive health services across the country.,Social
117,Kenya Gen Z Protests Shape Political Landscape,The 2024 protests led by Kenya Generation Z which initially focused on opposing the Finance Bill 2024 evolved into a broader movement demanding government accountability transparency and an end to corruption. The protests organized primarily through social media demonstrated the political awakening of Kenya youth and their capacity to influence national policy decisions through collective action.,Social
118,Kenyan Diaspora Remittances Economy Impact,Remittances from the Kenyan diaspora became an increasingly important source of foreign exchange for Kenya with diaspora Kenyans sending billions of dollars annually to their families and investing in the country. The United States United Kingdom Canada and Gulf countries were among the largest sources of diaspora remittances contributing significantly to Kenya external inflows.,Social
119,Kenya National Population Census 2019,Kenya conducted its national population and housing census in August 2019 counting approximately 47.6 million people. The census provided data on population distribution household characteristics economic activities and access to services. The data was used for planning resource allocation and constituency delimitation. The census introduced technology including electronic tablets for data collection.,Social
120,Kenya Youth Unemployment Challenge,Kenya faced a significant youth unemployment challenge with a large proportion of young people unable to find formal employment despite having educational qualifications. The mismatch between educational outcomes and labor market needs limited job creation in the formal sector and rapid population growth contributed to the challenge. The government implemented various youth empowerment and skills development programs.,Social
121,Kenya Girls Education Initiatives,Kenya implemented programs aimed at keeping girls in school particularly at secondary level. Initiatives included provision of sanitary pads construction of girls dormitories and campaigns against early marriage. The Equity Bank Wings to Fly scholarship program supported thousands of talented but needy students with particular emphasis on girls from disadvantaged backgrounds.,Social
122,Kenya Women Parliamentary Representation,Kenya made progress in increasing women representation in parliament though the country continued to fall short of the constitutional requirement that no gender should occupy more than two-thirds of elective positions. Women politicians faced significant challenges including violence harassment and cultural barriers. Programs supporting women political participation helped increase the number of women elected.,Social
123,Kenya Nairobi City Population Explosion,Nairobi Kenya capital city experienced explosive population growth from a small colonial administrative post to one of Africa largest cities with an estimated population of over 4 million people in the city proper. Rapid urbanization created challenges including traffic congestion inadequate housing informal settlements and strain on public services.,Social
124,Kenya Coastal Cultural Heritage Tourism,Kenya coast including Mombasa Lamu and Malindi boasts a rich cultural heritage reflecting centuries of Indian Ocean trade and the intermingling of African Arab Persian Indian and Portuguese influences. Lamu Old Town was designated a UNESCO World Heritage Site for its remarkable Swahili architecture and culture attracting cultural tourists interested in this unique blend of civilizations.,Social
125,Kenya Harambee Self-Help Community Philosophy,The Harambee philosophy of community self-help was championed by Kenya founding president Jomo Kenyatta and became embedded in Kenya national identity. Harambee fundraising events were used to finance schools hospitals water projects and other community needs through collective contributions. The spirit of Harambee reflected traditional African communal values and was incorporated into Kenya coat of arms.,Social
126,Kenya HIV AIDS Epidemic Response,Kenya faced one of the world most severe HIV AIDS epidemics in the 1990s with infection rates reaching alarming levels. The government working with international partners implemented comprehensive HIV prevention treatment and care programs. Prevalence rates declined significantly from their peak and Kenya antiretroviral treatment program expanded to serve hundreds of thousands of people living with HIV.,Health
127,Kenya Eradicates Polio,Kenya was among the African countries that successfully eradicated wild poliovirus through sustained vaccination campaigns. The country maintained polio-free status for years a major public health achievement. Health workers reached even remote communities with vaccines as part of the African Union commitment to maintaining polio eradication across the continent.,Health
128,Malaria Control Programs in Kenya,Kenya implemented large-scale malaria control programs including distribution of insecticide-treated bed nets indoor residual spraying and expansion of malaria treatment. The country also participated in trials of malaria vaccines. These efforts significantly reduced malaria-related deaths particularly among children under five years old in malaria-endemic regions.,Health
129,COVID-19 Pandemic Impact on Kenya,The COVID-19 pandemic had significant impacts on Kenya health system economy and society. The government implemented various containment measures including lockdowns curfews closure of schools and businesses and restrictions on public gatherings. Kenya health system was stretched and the pandemic caused significant economic contraction. The country subsequently mounted a vaccination campaign.,Health
130,Kenya Universal Health Coverage Initiative,Kenya launched its Universal Health Coverage initiative aiming to ensure all citizens could access essential health services without suffering financial hardship. The government piloted community health insurance programs in various counties and worked toward a national health coverage scheme. The implementation faced challenges including funding constraints and the need to strengthen primary healthcare facilities.,Health
131,Kenya Community Health Volunteers Program,Kenya deployed tens of thousands of community health volunteers to provide basic health services and health education at the household level. The program was one of the world largest community health programs and was credited with improving health outcomes including immunization rates and maternal health indicators. The government worked to professionalize and better support community health volunteers.,Health
132,Kenya Maternal Mortality Reduction Programs,Kenya worked to reduce its maternal mortality rate through programs including training more skilled birth attendants improving emergency obstetric care and encouraging facility-based deliveries. While significant progress was made in some regions disparities between urban and rural areas persisted. The government partnered with international organizations to strengthen maternal health services.,Health
133,Kenya Nurses Strike for Better Pay,Kenyan nurses and other healthcare workers periodically went on strike demanding better pay improved working conditions and deployment of unemployed medical personnel. The strikes disrupted healthcare services particularly at public hospitals affecting patients who could not afford private healthcare. The government and health workers unions entered into negotiations to resolve the disputes.,Health
134,Kenyan Nurses Emigrate to UK NHS,Thousands of Kenyan nurses and other health professionals emigrated to work in the United Kingdom National Health Service and healthcare facilities in other countries. The emigration of trained healthcare workers raised concerns about a brain drain depleting Kenya healthcare workforce. Kenya and the UK negotiated agreements on ethical recruitment that addressed concerns about the impact on Kenya health system.,Health
135,Kenya Mental Health Services Gap,Kenya faced a growing mental health challenge with surveys indicating high rates of depression anxiety and other mental health conditions. Limited mental health services stigma and cultural barriers meant that most people with mental health conditions went untreated. Civil society organizations and the government worked to expand mental health services and raise awareness about the importance of mental wellbeing.,Health
136,Kenya Pandemic Preparedness Investments,Following the COVID-19 pandemic Kenya invested in strengthening its pandemic preparedness and health security infrastructure. This included expansion of intensive care capacity development of local vaccine manufacturing capability improvement of disease surveillance systems and stockpiling of medical supplies. Kenya worked with the Africa Centres for Disease Control and Prevention on continental health security.,Health
137,Kenya School Feeding Program,Kenya implemented school feeding programs to improve school attendance and nutrition among children particularly in food-insecure regions. The programs provided meals to school children incentivizing attendance and improving learning outcomes. The World Food Programme supported the government school feeding initiative in drought-prone regions of northern Kenya.,Health
138,Kenya National Hospital Insurance Fund Reforms,The National Hospital Insurance Fund the main public health insurer in Kenya faced challenges including fraud insufficient coverage and poor service delivery. The government undertook reforms to strengthen the fund and expand coverage. The fund was eventually restructured into the Social Health Authority as part of efforts to implement universal health coverage.,Health
139,Kenya Fights Against Fake Medicines,Kenya Pharmacy and Poisons Board and other authorities worked to combat the proliferation of substandard and counterfeit medicines in the country. Fake medicines which failed to treat diseases effectively and sometimes caused harm were a significant public health concern. Enforcement operations led to seizures of large quantities of counterfeit pharmaceutical products.,Health
140,Kenya Medical Training Colleges Expansion,Kenya expanded its network of medical training colleges to produce more nurses clinical officers and other mid-level healthcare workers. The expansion was necessary to address the shortage of healthcare workers at primary care facilities. Public and private medical training institutions increased their intake and the government worked to deploy newly qualified health workers to underserved areas.,Health
141,Thika Superhighway Construction,Kenya completed construction of the Thika Superhighway in 2012 a major highway expansion project that widened the Nairobi-Thika road from two lanes to a modern expressway with service roads interchanges and pedestrian bridges. The project partly funded by China significantly reduced travel time and congestion on one of Kenya busiest roads.,Infrastructure
142,Nairobi Expressway Opens 2022,Kenya constructed a 27-kilometer elevated highway connecting Nairobi Westlands area to Jomo Kenyatta International Airport officially opened in 2022. The expressway built under a public-private partnership aimed to reduce congestion on the heavily trafficked Uhuru Highway. Users were required to pay tolls to use the expressway which significantly reduced travel times.,Infrastructure
143,Lamu Port Construction LAPSSET Corridor,Kenya Lamu Port the centerpiece of the LAPSSET corridor project began construction to become a major new deepwater port on Kenya northern coast. The port was intended to provide a shorter trade route for landlocked countries in the region and to catalyze development in northern Kenya. Construction proceeded in phases with the first berths becoming operational for cargo handling.,Infrastructure
144,Konza Technopolis Silicon Savannah City,Kenya developed Konza Technopolis a planned technology city located about 60 kilometers southeast of Nairobi as part of its Vision 2030 plan to create a knowledge economy. The planned city was designed to accommodate technology companies research institutions universities and residential areas. Development proceeded in phases with infrastructure construction preceding the attraction of tech companies.,Infrastructure
145,Kenya Electricity Rural Electrification Last Mile,Kenya significantly expanded rural electrification through the Last Mile Connectivity Project which aimed to connect households to the national grid at subsidized rates. The program connected millions of households that had previously been without electricity transforming life in rural areas and enabling small businesses to operate. Kenya made significant progress in increasing its electricity access rate.,Infrastructure
146,Mombasa Port Expansion Project,Kenya upgraded and expanded the Port of Mombasa East Africa largest port to increase its capacity for handling containers and bulk cargo. Improvements included construction of new berths acquisition of modern handling equipment and dredging of the port channel. The port efficiency improvements were critical for Kenya and the region export competitiveness and import costs.,Infrastructure
147,Kenya Broadcasting Corporation Digital Migration,Kenya completed the migration from analog to digital television broadcasting with the government switching off analog signals. The migration required Kenyans to acquire set-top boxes or new television sets capable of receiving digital signals. The transition was preceded by legal battles between private broadcasters and the government over the timeline and implementation of the switchover.,Infrastructure
148,Kenya Implements Digital Government Services,Kenya made significant progress in digitizing government services through platforms like the e-Citizen portal which allowed citizens to apply for passports driving licenses business registration and other services online. The digitization reduced bureaucracy cut waiting times and reduced opportunities for corruption in service delivery. The government continued to expand the range of services available digitally.,Infrastructure
149,Kenya Water Infrastructure Development,Kenya undertook major water infrastructure projects including construction of dams irrigation schemes and water supply networks. The Thwake Multi-Purpose Dam project in southeastern Kenya aimed to provide water for domestic use and irrigation. The government also worked to improve rural water access through borehole drilling and small-scale water harvesting structures.,Infrastructure
150,Kenya Nairobi Metro Rail System Plans,Kenya announced plans to develop a metropolitan rail system in Nairobi to address the city severe traffic congestion. The plans included both surface and elevated rail lines connecting different parts of the metropolitan area. The government sought financing from international development banks and bilateral partners for the ambitious urban transportation project.,Infrastructure
151,Kisumu City Development Lake Victoria Hub,Kisumu Kenya third-largest city located on the shores of Lake Victoria underwent significant development including construction of the Kisumu International Airport port upgrades and urban renewal projects. The city was positioned as a regional hub for western Kenya and the Lake Victoria basin. The county government worked to attract investment and develop the city potential.,Infrastructure
152,Kenya Standard Gauge Railway Freight Operations,The Standard Gauge Railway connecting Mombasa to Nairobi began freight operations moving cargo from the port to an inland container depot. The railway aimed to shift cargo from road to rail reducing road damage and transport costs. However the railway commercial performance was scrutinized closely given the large debt obligations associated with its construction.,Infrastructure
153,Kenya Internet Fiber Optic Expansion,Kenya developed its national broadband infrastructure through laying fiber optic cables to county headquarters and beyond establishing public wi-fi hotspots and supporting local content development. The country also benefited from undersea fiber optic cables connecting it to global internet networks. The improved connectivity supported the growth of Kenya digital economy.,Infrastructure
154,Affordable Housing Program Kenya,President Ruto government launched an ambitious affordable housing program aiming to build hundreds of thousands of housing units for low and middle-income Kenyans. The program introduced a housing levy deducted from employees salaries. The levy faced legal challenges from trade unions who argued it was unconstitutional. The housing program was one of Ruto flagship development initiatives.,Infrastructure
155,Kenya Power Outages Manufacturing Impact,Kenya Power inability to maintain consistent electricity supply created significant challenges for manufacturers and businesses that depended on reliable power. Frequent power outages forced businesses to invest in expensive backup generators raising production costs. The government undertook efforts to upgrade the distribution network but challenges persisted due to aging infrastructure and vandalism.,Infrastructure
156,Mau Mau Uprising Against British Colonial Rule,The Mau Mau uprising was an armed movement primarily among the Kikuyu people that fought against British colonial rule in Kenya from 1952 to 1960. The British declared a state of emergency and detained tens of thousands of suspected Mau Mau sympathizers in camps where many were subjected to torture and abuse. The uprising played a significant role in Kenya path to independence.,Historical
157,British Colonial Administration of Kenya,British colonial administration of Kenya which began in the late 19th century transformed the region political economic and social structures. The British imposed a colonial economy centered on white settler agriculture in the highlands forced African labor and taxation. The colonial period left lasting impacts on Kenya development patterns land tenure and ethnic relations.,Historical
158,East Africa Protectorate Establishment 1895,The British East Africa Protectorate was formally established in 1895 laying the groundwork for colonial administration of what would become Kenya. The construction of the Uganda Railway from Mombasa to Lake Victoria opened the interior to commerce and settlement. The protectorate was renamed the Colony and Protectorate of Kenya in 1920.,Historical
159,Tom Mboya Assassination 1969,"Tom Mboya a prominent Kenyan politician and trade unionist was assassinated in Nairobi on July 5, 1969. Mboya had been a significant figure in Kenya independence movement and was widely seen as a potential future president. His death sparked riots and deepened ethnic tensions in the country. The assassination has remained a controversial episode in Kenyan political history.",Historical
160,Robert Ouko Murder Case 1990,"Robert Ouko Kenya Foreign Affairs Minister was found murdered on February 13, 1990, near Kisumu in western Kenya. His death was a major political crisis for President Moi government. A commission of inquiry investigated the murder with allegations pointing toward senior government figures. The case remained controversial and unresolved for decades becoming a symbol of political impunity.",Historical
161,Dedan Kimathi Executed by British 1957,"Dedan Kimathi the field marshal of the Mau Mau freedom fighters was captured by the British colonial authorities in October 1956 and executed on February 18, 1957. Kimathi led armed resistance against British colonial rule and became a symbol of Kenya liberation struggle. In 2007 the Kenyan government erected a statue of Kimathi in the center of Nairobi to honor his legacy.",Historical
162,Kenya First General Election 1963,Kenya held its first general election in May 1963 ahead of independence. The Kenya African National Union led by Jomo Kenyatta won the election defeating the Kenya African Democratic Union. The election determined who would lead Kenya into independence. The newly elected government took office as an internal self-governing body before full independence was achieved in December 1963.,Historical
163,Formation of Original East African Community,The original East African Community comprising Kenya Uganda and Tanzania was formed in 1967 to promote regional economic integration. The community operated common services including an airline railways harbors and a postal service. Ideological differences and political tensions led to the collapse of the community in 1977. It was revived in 2000 with the signing of a new treaty.,Historical
164,Lancaster House Conferences Kenya Independence,The Lancaster House Conferences in London between 1960 and 1963 negotiated the terms of Kenya independence from Britain. Kenyan leaders including Jomo Kenyatta and Tom Mboya participated in the talks. The conferences agreed on a constitution for independent Kenya that incorporated provisions for minority rights and property protections including those of white settlers.,Historical
165,JM Kariuki Assassination 1975,Josiah Mwangi Kariuki a populist politician and member of parliament who championed the cause of the poor in Kenya was murdered in 1975. His body was found in the Ngong Hills with signs of torture. A parliamentary committee investigating his death was dissolved by President Kenyatta after it began pointing fingers at senior government figures. Kariuki death outraged many Kenyans.,Historical
166,Goldenberg Scandal Kenya,The Goldenberg scandal was one of Kenya largest financial scandals involving fraudulent gold export compensation claims that cost the Kenyan government an estimated 600 million USD in the early 1990s. A commission of inquiry established years later revealed the involvement of senior government officials. The scandal became a symbol of the corruption that characterized parts of Daniel arap Moi administration.,Historical
167,Anglo Leasing Scandal Revelations,The Anglo Leasing scandal which emerged in 2004 during President Kibaki administration involved inflated contracts for security equipment with companies that were described as non-existent. The scandal implicated senior government officials and led to the resignation of several ministers. Anti-corruption crusader John Githongo blew the whistle on the scandal before fleeing Kenya after receiving threats.,Historical
168,Kenya Vision 2030 Mid-Term Review,Kenya conducted mid-term reviews of its Vision 2030 development plan assessing progress toward the goals set in 2008. The reviews showed progress in some areas including infrastructure development mobile money adoption and renewable energy while highlighting challenges in manufacturing job creation and poverty reduction. The reviews informed adjustments to the implementation strategies.,Historical
169,Kenyatta International Convention Centre Built,The Kenyatta International Convention Centre in Nairobi became a landmark of Kenya post-independence architecture and an important diplomatic venue. The centre designed by architect Karl Henrik Nostvik was opened in 1973 and served as the venue for numerous African Union summits and international conferences. The KICC remained one of Nairobi most recognizable buildings.,Historical
170,Kenya Coffee Industry Golden Era,Kenya coffee industry experienced a golden era during the 1970s and 1980s when world coffee prices were high and Kenyan farmers earned significant incomes from their crop. The cooperative movement facilitated by the government organized farmers to sell their coffee through regulated channels. The industry later faced challenges from falling global prices and management problems at cooperatives.,Historical
171,Kenya EAC Regional Integration Leadership,Kenya played a leading role in the East African Community integration process pushing for the free movement of goods and people across member states. The EAC which includes Kenya Uganda Tanzania Rwanda Burundi South Sudan and the Democratic Republic of Congo aimed to create a common market. Kenya large economy made it a dominant player in the regional bloc.,International
172,Kenya Hosts South Sudan Peace Negotiations,Kenya hosted multiple rounds of peace negotiations aimed at resolving conflicts in South Sudan. Nairobi served as a neutral venue for talks between the South Sudanese government and opposition groups. The Intergovernmental Authority on Development of which Kenya is a member played a key role in mediating the South Sudanese peace process.,International
173,Kenya UN Security Council Non-Permanent Member,Kenya served as a non-permanent member of the United Nations Security Council giving the country a prominent platform in global diplomacy. Kenya used its seat to advocate for African issues including peace and security climate change and development financing. The country successful completion of the two-year term enhanced its international standing.,International
174,Kenya Hosts WTO Ministerial Conference 2015,Nairobi hosted the 10th World Trade Organization Ministerial Conference in December 2015 the first WTO ministerial to be held in Africa. The conference resulted in the Nairobi Package a set of decisions on agricultural subsidies least-developed countries issues and public stockholding for food security. Hosting the WTO conference enhanced Kenya international diplomatic standing.,International
175,Kenya Hosts UN Environment Programme,Kenya hosts the United Nations Environment Programme at the UN Office in Nairobi making Nairobi the only city in the developing world to host a UN headquarters. This gave Kenya significant international visibility in environmental diplomacy. Kenya used its position as host country to advocate for ambitious global environmental action at international forums.,International
176,Kenya Joins G20 as Guest Nation,Kenya was invited to participate in G20 discussions as a guest nation reflecting the country growing importance in international economic affairs. The participation provided Kenya with a platform to advocate for African development priorities including climate finance debt relief and fair trade. Kenya used the opportunity to attract investment and strengthen bilateral economic relationships.,International
177,Kenya African Continental Free Trade Area,Kenya was among the early signatories of the African Continental Free Trade Area agreement which aimed to create the world largest free trade area. Kenya saw opportunities in the agreement to expand exports of manufactured goods and agricultural products to other African countries. Concerns were also raised about competition for local industries from cheaper imports.,International
178,Kenya China Relations Infrastructure Debt,Kenya significant borrowing from China for infrastructure projects particularly the Standard Gauge Railway generated debate about the terms and conditions of the loans and their impact on Kenya sovereignty and debt sustainability. Critics raised concerns about Kenya growing debt obligations to China while supporters argued that Chinese investment was filling a financing gap.,International
179,Kenya Diplomatic Relations with United States,Kenya maintained strong diplomatic relations with the United States with cooperation spanning security trade development assistance and educational exchanges. The US was one of Kenya largest bilateral partners providing significant support for counterterrorism health programs and governance reforms. High-level diplomatic visits reinforced the strategic partnership between the two countries.,International
180,Kenya African Union Peacekeeping Contributions,Kenya has been an active member of the African Union contributing troops to peacekeeping missions across the continent. Kenyan military personnel participated in AMISOM in Somalia contributing significantly to stabilization efforts. Kenya also contributed to missions in other African countries demonstrating its commitment to continental peace and security.,International
181,Kenya Signs Economic Partnership with EU,Kenya signed the Economic Partnership Agreement with the European Union providing Kenyan exporters with preferential access to European markets. The agreement was negotiated over many years and covered trade in goods services and investments. Kenya horticulture and fisheries industries were expected to benefit significantly from the improved market access to European consumers.,International
182,Kenya Hosts African Development Bank Summit,Nairobi hosted African Development Bank meetings and summits bringing together African finance ministers central bank governors and international development partners. Kenya regular hosting of continental financial forums reflected its position as East Africa economic hub and diplomatic center. The meetings addressed issues of development finance infrastructure and economic integration.,International
183,Kenya Plays Key Role in Somalia Stabilization,Beyond military contributions Kenya played a significant diplomatic and humanitarian role in Somalia stabilization. Kenya hosted Somali political dialogue supported Somali governance reform and provided humanitarian assistance to Somali refugees. The complex Kenya-Somalia relationship combined cooperation on stabilization with bilateral disputes over maritime boundaries.,International
184,Kenya Belt and Road Initiative Participation,Kenya signed a memorandum of understanding to participate in China Belt and Road Initiative opening the door to additional Chinese investment and financing for infrastructure projects. Critics raised concerns about the terms of Chinese financing and Kenya growing debt obligations while supporters argued that Chinese investment was filling a financing gap that Western donors were not addressing.,International
185,Kenya Celebrates African Union Founding Anniversary,Kenya participated in celebrations marking key anniversaries of the African Union and its predecessor the Organisation of African Unity. Kenya was among the founding members of the OAU established in 1963 and played an important role in shaping the transformation into the African Union in 2002. Kenya hosted AU summits and contributed to continental integration efforts.,International
186,Kenya Anti-Corruption Commission Work,Kenya Ethics and Anti-Corruption Commission investigated corruption cases collected and analyzed asset declarations from public officials and undertook public education on integrity. Despite institutional challenges the commission prosecuted several high-profile cases and worked to recover public assets lost to corruption. Anti-corruption efforts remained a central governance challenge for successive administrations.,Governance
187,Kenya Judiciary Landmark Supreme Court Rulings,Kenya Supreme Court and other courts delivered several landmark rulings that shaped the country legal and political landscape. Beyond nullifying the 2017 presidential election courts ruled on matters including environmental protection women representation constitutional limits of executive power and electoral integrity. The judiciary independence was seen as a significant feature of Kenya constitutional democracy.,Governance
188,Kenya National Youth Service Scandal,A major corruption scandal at the Kenya National Youth Service emerged in 2018 revealing the loss of billions of shillings through fraudulent procurement. The scandal implicated senior government officials and private contractors leading to multiple arrests and prosecutions. The NYS scandal was one of several high-profile corruption cases that drew public attention during the Jubilee administration.,Governance
189,Kenya Judiciary Digital Transformation,Kenya judiciary implemented digital transformation programs to reduce case backlogs and improve access to justice. Initiatives included e-filing of court documents virtual court hearings digitization of court records and case management systems. The COVID-19 pandemic accelerated the adoption of virtual courts. The reforms aimed to make the judicial system more efficient and accessible to all Kenyans.,Governance
190,Kenya Public Finance Management Act,Kenya enacted the Public Finance Management Act establishing a comprehensive legal framework for managing public finances including budgeting expenditure control reporting and accountability. The law was a key element of Kenya governance reforms and was intended to reduce corruption and improve the effectiveness of public spending. County governments were also required to comply with the law provisions.,Governance
191,Kenya Corruption Perception Rankings Challenge,Kenya consistently ranked in the more corrupt category in international corruption perception indices with Transparency International placing Kenya in the lower half of global rankings. High levels of petty corruption in public services including police courts and government offices were widely reported. The government implemented various anti-corruption measures with mixed results over successive administrations.,Governance
192,Kenya Data Protection Act 2019,Kenya enacted the Data Protection Act in 2019 establishing a legal framework for the collection processing and storage of personal data. The law created the Office of the Data Protection Commissioner to oversee compliance. The legislation was seen as an important step in protecting citizens privacy rights in an increasingly digital economy and in building trust in digital services.,Governance
193,Kenya Devolution County Revenue Sharing Disputes,Kenya Senate periodically debated the formula for sharing revenue between the national government and county governments. The formula determined how billions of shillings were distributed among the 47 counties. Counties with large populations and those with historically underdeveloped areas competed for larger allocations through complex negotiations that sometimes stalled the budget process.,Governance
194,Kenya Teachers Service Commission Reforms,The Teachers Service Commission responsible for recruiting deploying and managing public school teachers underwent various reforms aimed at improving teacher management and accountability. The commission implemented performance contracting for teachers and worked to address teacher shortages in rural and marginalized areas. Disputes between the TSC and teacher unions were a recurring feature of Kenya education landscape.,Governance
195,Kenya Independent Policing Oversight Authority,Kenya established the Independent Policing Oversight Authority to provide civilian oversight of the National Police Service. The authority investigated complaints of police misconduct including extrajudicial killings enforced disappearances and excessive use of force. While IPOA published reports on police conduct concerns about the implementation of its recommendations and the accountability of police officers remained.,Governance
196,Kenya Gender Two-Thirds Rule Constitutional Requirement,Kenya 2010 Constitution required that no more than two-thirds of members of any state organ should be of the same gender. Implementation of the two-thirds gender rule particularly for elected bodies proved challenging. Parliament repeatedly failed to pass legislation to fulfill the constitutional requirement despite court orders and advocacy by women rights organizations.,Governance
197,Kenya Devolution Success and Challenges,Since the implementation of Kenya devolved system of government in 2013 various counties achieved notable development milestones including improved healthcare access enhanced infrastructure and economic development specific to local needs. However challenges including corruption at county level unequal capacity among counties and disputes between national and county governments also emerged.,Governance
198,Kenya Budget Making Process Parliament,Kenya budget making process involved the National Treasury preparing estimates that were presented to parliament for debate and approval. The introduction of the Public Finance Management Act strengthened parliamentary oversight of public expenditure. Budget debates became important public events where different interests competed for resources within the constraints of fiscal responsibility.,Governance
199,Kenya Implements Community Land Act,Kenya enacted the Community Land Act to provide legal recognition and protection for land held by communities under customary tenure. The law was particularly important for pastoral and hunting-gathering communities whose land rights had been insecure under previous legal frameworks. Implementation required communities to register their land a process supported by civil society organizations.,Governance
200,Kenya National Cohesion Commission Ethnic Tensions,The National Cohesion and Integration Commission was established to promote inter-ethnic reconciliation and prevent hate speech and discrimination in Kenya. The commission monitored media social media and political rhetoric for content that incited ethnic hatred and prosecuted individuals who violated the National Cohesion and Integration Act. Ethnic tensions remained a challenge in Kenya politics.,Governance
201,Ushahidi Crisis Mapping Platform Created,Ushahidi a crisis mapping platform created by Kenyan technologists following the 2007-2008 post-election violence became a globally influential technology tool for crowd-sourcing information during crises. The platform was used worldwide for disaster response election monitoring and human rights documentation. Ushahidi demonstrated that African technologists could create globally impactful innovations.,Technology
202,iHub Technology Innovation Center Nairobi,The iHub technology innovation hub established in Nairobi in 2010 became a pioneering model for technology incubation and entrepreneurship support in Africa. The hub provided workspace mentoring and networking opportunities for technology entrepreneurs. iHub supported the growth of numerous startups and helped establish Nairobi reputation as a technology innovation center.,Technology
203,Kenya Mobile Internet Penetration Growth,Kenya achieved one of Africa highest rates of mobile internet penetration driven by widespread smartphone adoption and competitive mobile data pricing. Mobile internet transformed how Kenyans accessed information conducted business and engaged with government services. The Communications Authority of Kenya reported continuous growth in mobile data subscribers across the country.,Technology
204,Kenya Digital Literacy Program Schools,Kenya Digital Literacy Program aimed to provide laptops and tablets to primary school children to integrate technology into education. The program which involved procurement and distribution of devices to schools faced implementation challenges but represented a significant investment in digital education. The initiative was part of a broader effort to prepare Kenyan students for a digital future.,Technology
205,M-Pesa Global Expansion International Transfers,Safaricom M-Pesa mobile money platform expanded its services to enable international money transfers allowing Kenyans and people in other countries to send money across borders directly through their mobile phones. The expansion connected M-Pesa to global payment systems and allowed the platform to compete with traditional remittance services that charged high fees.,Technology
206,Kenya Fintech Innovation Financial Inclusion,Kenya became a global leader in financial technology innovation with numerous fintech startups developing solutions for mobile payments lending insurance and savings. The success of M-Pesa inspired a generation of entrepreneurs to develop financial technology solutions. Kenya regulatory sandbox allowed innovators to test products before full commercial launch.,Technology
207,Kenya Artificial Intelligence Strategy Development,Kenya developed strategies for harnessing artificial intelligence for economic development public service delivery and innovation. The government engaged with technology companies researchers and international organizations on AI policy. Kenya sought to position itself as a leader in ethical AI development in Africa attracting investment in AI research and application.,Technology
208,Safaricom M-Pesa Twenty Years Impact,Two decades after its launch M-Pesa had transformed Kenya economy and served as a model for mobile financial services globally. The platform had enabled millions of Kenyans to save invest and access credit through their mobile phones. Studies showed that M-Pesa had lifted millions of Kenyans out of poverty by enabling economic activity that was previously impossible without bank accounts.,Technology
209,Kenya Blockchain Technology Adoption,Kenya emerged as one of Africa most active countries in blockchain technology adoption with applications in agriculture land registry supply chain management and financial services. Kenyan startups developed blockchain solutions for tracking coffee from farm to export verifying academic credentials and enabling transparent public procurement. The government explored blockchain for land registration to address historical disputes.,Technology
210,Kenya Cybersecurity Strategy and Laws,Kenya faced growing cybersecurity threats and enacted legislation and developed strategies to protect its digital infrastructure. The Computer Misuse and Cybercrimes Act 2018 addressed online crimes including unauthorized computer access identity theft and cyberbullying. The government also worked to build capacity for cyber incident response and to protect critical national infrastructure.,Technology
211,University of Nairobi Technology Programs,The University of Nairobi and other Kenyan universities expanded technology programs to meet growing demand for technology skills. Computer science engineering and information technology programs attracted large numbers of students. The universities collaborated with technology companies on research and internship programs helping to develop the talent that supported Kenya growing tech ecosystem.,Technology
212,Kenya E-Government Services Portal,Kenya developed the e-Citizen portal as a comprehensive digital gateway for government services allowing citizens to apply for documents pay taxes and access government information online. The portal reduced bureaucracy and travel time for citizens seeking services. The government continuously added new services and worked to improve the user experience for Kenyans accessing services digitally.,Technology
213,Kenya Tech Startups International Recognition,Kenyan technology startups increasingly gained international recognition and attracted venture capital investment from global investors. Companies in sectors including fintech agritech health tech and e-commerce raised millions of dollars from international investors. The recognition validated Kenya position as a technology innovation hub and created employment for skilled young Kenyans.,Technology
214,Kenya Drone Technology Agriculture Delivery,Kenya became an early adopter of drone technology for agricultural monitoring medical supply delivery and infrastructure inspection. Startups developed drone-based services for mapping farmland detecting pests and diseases and delivering medicines to remote areas. The Civil Aviation Authority developed regulatory frameworks for commercial drone operations.,Technology
215,Kenya Huawei Technology Partnership Controversy,Kenya cooperation with Chinese technology company Huawei on telecommunications infrastructure and smart city projects generated controversy. Critics raised concerns about surveillance capabilities data privacy and security implications of Chinese technology in critical infrastructure. The government maintained that the partnerships offered value for money and advanced connectivity goals.,Technology
216,Kenya 2024 Budget Crisis Revenue Shortfall,Kenya faced a significant budget crisis in 2024 exacerbated by the withdrawal of the Finance Bill 2024 following protests. The government was left with a substantial revenue shortfall and was forced to cut spending seek emergency financing and negotiate with the IMF. The crisis highlighted the fragility of Kenya fiscal position and the challenges of balancing revenue needs with public demands.,Trending
217,Kenya Floods 2024 Widespread Destruction,Severe flooding in early 2024 caused widespread destruction across Kenya killing hundreds of people displacing thousands and damaging infrastructure. The flooding was attributed to unusually heavy rainfall linked to El Nino weather patterns. The Mai Mahiu and Kamuchiri floods were among the most devastating incidents with entire communities swept away by flash floods.,Trending
218,Kenya Police Haiti Deployment 2024,Kenyan police officers began deploying to Haiti in 2024 as part of a United Nations authorized multinational security mission to help restore order. Kenya was the lead nation of the mission which aimed to support the Haitian National Police against powerful gangs that had destabilized the country. The deployment was Kenya most significant international security commitment outside Africa.,Trending
219,William Ruto Bottom-Up Economic Model Assessment,President William Ruto bottom-up economic model that promised to focus on small traders farmers and the informal sector faced scrutiny after two years in office. The government implemented policies including the Hustler Fund but critics argued that economic conditions for ordinary Kenyans had not improved significantly. The administration defended its record pointing to investments in agriculture and housing.,Trending
220,Kenya Debt Restructuring Negotiations 2024,Kenya engaged in negotiations with international creditors to manage its heavy debt burden which had grown significantly over the preceding decade. The government sought debt restructuring arrangements and worked with the IMF and World Bank on fiscal consolidation programs. The debt situation was complicated by obligations to both commercial creditors through Eurobonds and bilateral creditors including China.,Trending
221,Kenya Adani Airport Deal Controversy,Kenya plans to involve India Adani Group in the management and expansion of the Jomo Kenyatta International Airport generated significant controversy. Critics raised questions about transparency in the procurement process the terms of the deal and the implications for Kenya sovereignty over a critical infrastructure asset. The deal faced legal challenges and public opposition before being shelved.,Trending
222,Kenya Gen Z Protests Second Wave 2024,Following the initial anti-Finance Bill protests Kenya Gen Z protesters continued to organize demanding broader government accountability. New protest waves targeted issues including police brutality during earlier demonstrations disappearances of activists and continued concerns about government corruption. Social media continued to play a key role in coordinating protest activities.,Trending
223,Kenya Signs Saudi Arabia Labor Agreement,Kenya negotiated labor agreements with Saudi Arabia and other Gulf Cooperation Council countries to regulate the working conditions of Kenyan migrant workers in those countries. The agreements were intended to protect Kenyan workers from exploitation and ensure access to legal recourse. Thousands of Kenyan workers particularly domestic workers and professionals were employed in Gulf countries.,Trending
224,Kenya Celebrates 60 Years of Independence 2023,Kenya celebrated 60 years of independence in December 2023 with events marking the country journey since independence in 1963. The celebrations reflected on Kenya achievements including economic development democratic progress and its role in the region while also acknowledging challenges including inequality corruption and insecurity. President Ruto led the national celebrations at Uhuru Gardens.,Trending
225,Eliud Kipchoge Loses Marathon for First Time 2023,Eliud Kipchoge suffered a rare defeat in marathon racing in 2023 losing for the first time in a decade at the 2023 Boston Marathon where he finished sixth. The loss generated significant attention as Kipchoge had been virtually unbeatable over many years. He later bounced back with victories demonstrating his resilience and the competitive depth of the marathon world.,Trending
226,Kenya Affordable Housing Levy Legal Battle,The affordable housing levy introduced by President Ruto government faced legal challenges from the Central Organisation of Trade Unions and other plaintiffs who argued it was unconstitutional. Courts at various levels delivered different rulings on the levy. The legal battles reflected broader tensions about the government policy priorities and its approach to financing development programs.,Trending
227,Kenya Teachers Shortage Crisis,Kenya education sector faced a significant teacher shortage with tens of thousands of positions unfilled in public schools. The shortage resulted from a combination of factors including a freeze on public sector hiring insufficient training of new teachers and emigration of trained teachers to other countries. Schools particularly in rural areas operated with far fewer teachers than required.,Trending
228,Kenya Nairobi Traffic Congestion Solutions,Nairobi continued to grapple with severe traffic congestion that cost the economy billions of shillings daily in lost productivity. Various solutions were proposed and implemented including the Nairobi Expressway road widening projects and proposed mass transit systems. The fundamental challenge of rapid urbanization growing vehicle numbers and insufficient road infrastructure remained a persistent problem.,Trending
229,Kenya Diaspora Investment Bonds,Kenya government issued diaspora-targeted investment bonds and financial instruments to attract remittances and savings from Kenyans living abroad. The diaspora bonds offered competitive returns and allowed Kenyans overseas to invest directly in national development. The initiative was part of broader efforts to harness the financial resources and expertise of the Kenyan diaspora community.,Trending
230,Kenya National Examinations Results 2024,Kenya Certificate of Primary Education and Kenya Certificate of Secondary Education examinations results were released showing trends in student performance across the country. The results highlighted disparities between well-resourced schools and those in poorer areas. The transition to the Competency Based Curriculum continued to reshape Kenya approach to student assessment and learning outcomes.,Trending
231,Kenya Fights Against Online Fraud,Kenya experienced a significant increase in online fraud including social media scams investment fraud and mobile money theft. The Directorate of Criminal Investigations Digital Forensics Laboratory worked to investigate and prosecute cybercriminals. Public awareness campaigns educated Kenyans about common fraud tactics and how to protect themselves in digital transactions.,Trending
232,Kenya Coffee Export Records,Kenya coffee industry achieved record export earnings in some years as global coffee prices rose and Kenyan specialty coffee commanded premium prices at international markets. The Nairobi Coffee Exchange saw competitive bidding for top-grade Kenyan coffee from international buyers. Farmers who adopted improved practices including better post-harvest handling saw significant improvements in their income.,Trending
233,Kenya Electric Vehicle Transition Plans,Kenya announced plans to encourage the transition to electric vehicles as part of its green energy agenda and efforts to reduce fuel import costs. The government explored incentives for electric vehicle adoption including tax breaks and development of charging infrastructure. Several electric vehicle models were introduced to the Kenyan market reflecting growing interest in cleaner transport options.,Trending
234,Kenya Safaricom Artificial Intelligence Services,Safaricom began incorporating artificial intelligence into its services including customer service fraud detection and personalized recommendations. The company investment in AI reflected Kenya growing digital sophistication. AI applications were seen as potentially transformative for improving the efficiency of mobile money services and customer experience across Safaricom platforms.,Trending
235,Kenya Tertiary Education Funding Reforms,Kenya reformed its university education funding model replacing the previous government-sponsored students program with a new system based on household income assessments. The reforms generated controversy with students and parents concerned about access to education for those who did not qualify for full government sponsorship. Implementation challenges including delays in funding disbursement affected many students.,Trending
236,Nairobi Valley Road Infrastructure Improvement,Nairobi underwent significant road infrastructure improvements with various projects aimed at reducing congestion and improving connectivity across the metropolitan area. The Nairobi Metropolitan Services working with the national government coordinated infrastructure projects. Citizens debated the effectiveness of road projects and the need for a more comprehensive approach to urban transportation planning.,Trending
237,Kenya Startup Funding Ecosystem 2024,Kenya startup ecosystem continued to attract investment in 2024 though global venture capital funding declined compared to previous years. Kenyan startups in fintech agritech and health technology continued to raise funding from local and international investors. The ecosystem matured with more companies reaching growth stage and some achieving exits through acquisitions.,Trending
238,Kenya Pension Fund Reforms NSSF,Kenya reformed its National Social Security Fund contribution rates and structure as part of efforts to strengthen retirement savings for formal sector workers. The reforms increased contribution amounts and extended coverage. The changes were controversial with employers and employees concerned about the increased costs. Legal challenges were filed against the new NSSF contribution structure.,Trending
239,Kenya Local Content Manufacturing Push,Kenya government emphasized local manufacturing and buy Kenya policies to stimulate domestic production and reduce import dependence. Initiatives targeted pharmaceutical manufacturing food processing and light manufacturing. The government offered incentives for companies that used local inputs and created jobs in Kenya. The push for local content was seen as essential for sustainable economic development.,Trending
240,Kenya Farmers Fertilizer Subsidies Impact,Kenya government subsidized fertilizer distribution program aimed to lower input costs for farmers and increase agricultural productivity. The program delivered subsidized fertilizer to farmers through various channels. Results were mixed with some farmers reporting improved yields while logistical challenges and corruption in distribution affected the program reach and effectiveness in certain regions.,Trending
241,Kenya Cooperative Movement Economic Strength,Kenya had one of Africa strongest cooperative movements with thousands of cooperatives active in agriculture savings and credit housing and other sectors. The Savings and Credit Cooperatives were particularly significant providing financial services to millions of Kenyans who might not have access to commercial banking. The SACCO movement was regulated by the SACCO Societies Regulatory Authority.,Economic
242,Kenya Real Estate Sector Growth Urbanization,Kenya real estate sector experienced significant growth driven by urbanization a growing middle class and remittances from the diaspora. Nairobi property market was particularly active with development of apartments commercial offices shopping malls and industrial parks. High land prices limited mortgage access and informal ownership documentation remained challenges for the sector.,Economic
243,Kenya Insurance Sector Development Mobile,Kenya insurance sector grew significantly with insurance penetration rates increasing as more Kenyans accessed life health property and agricultural insurance products. Mobile-based micro-insurance products expanded insurance access to lower-income populations who had previously been excluded from the formal insurance market. The industry regulator worked to improve consumer protection and sector stability.,Economic
244,Kenya Pyrethrum Industry Revival,Kenya was historically the world leading producer of pyrethrum a natural insecticide derived from certain chrysanthemum flowers. The industry declined due to management challenges and competition from synthetic pesticides. The government made efforts to revive pyrethrum production seeing it as an opportunity for Kenyan farmers to supply the growing global market for natural insecticides.,Economic
245,Kenya Extractive Industries Transparency,Kenya joined the Extractive Industries Transparency Initiative committing to publish information about revenues received from oil gas and mining operations. The transparency initiative was seen as important for ensuring that Kenya natural resource wealth benefited all citizens. The publication of revenue data enabled civil society to hold government accountable for the management of resource revenues.,Governance
246,Kenya Labour Laws Workers Rights Reforms,Kenya labour laws underwent reform to improve protections for workers including rights to organize collective bargaining and safe working conditions. The Employment Act and the Labour Relations Act provided the framework for worker-employer relations. Kenya vibrant trade union movement played an important role in advocating for workers rights and negotiating improved terms of employment.,Governance
247,Kenya Nairobi International Finance Centre,Kenya worked to establish Nairobi as an international financial centre competing with Mauritius and other African jurisdictions for regional financial services business. The Nairobi International Financial Centre Act was passed to create a legal and regulatory framework for attracting financial services companies. Kenya sought to leverage its position as East Africa economic hub to attract fund managers banks and insurance companies.,Economic
248,Kenya Jua Kali Informal Artisan Sector,Kenya jua kali sector comprising informal artisans and mechanics who often worked outdoors was a significant employer and provider of affordable goods and services. The sector was recognized in Kenya constitution and the government established associations to support informal artisans. The sector was seen as a potential driver of industrialization if provided with appropriate support and skills training.,Economic
249,Kenya National Drought Management Authority,Kenya established the National Drought Management Authority to coordinate drought management efforts and build resilience in arid and semi-arid areas. The authority developed county drought contingency plans and early warning systems to enable timely responses to drought emergencies. Kenya proactive approach to drought management was recognized internationally as a model for other countries in the region.,Environment
250,Kenya Highland Coffee Specialty Premium,Kenya coffee industry based primarily in central Kenya highlands was known for producing some of the world finest Arabica coffee. Kenyan coffee commanded premium prices at international auctions due to its distinctive flavor profile featuring bright acidity and complex flavors. However the industry faced challenges including aging trees poor management of cooperatives and the impacts of coffee leaf rust disease.,Economic
251,Kenya Lake Nakuru Flamingo Spectacle,Lake Nakuru in Kenya Rift Valley was famous for hosting millions of lesser and greater flamingos creating one of the world most spectacular wildlife spectacles. Flamingo populations at the lake fluctuated significantly depending on water and algae levels. The lake and its surrounding national park remained among Kenya most popular tourist attractions drawing visitors from around the world.,Environment
252,Kenya Anti-Money Laundering Laws Strengthened,Kenya strengthened its anti-money laundering and counter-terrorism financing legal framework to comply with international standards set by the Financial Action Task Force. The reforms included enhanced due diligence requirements for financial institutions improved suspicious transaction reporting and better coordination between regulatory agencies. The measures were important for maintaining Kenya access to international financial systems.,Governance
253,Kenya Parliament Passes Gender Affirmative Laws,Kenya parliament debated and passed legislation implementing gender affirmative action provisions of the 2010 Constitution. The laws sought to increase women participation in political and public life. Implementation remained challenging with courts and civil society groups monitoring whether constitutional gender requirements were being met in appointments and elections.,Governance
254,Kenya Private Sector Investment Climate,Kenya worked to improve its investment climate to attract more private sector investment both domestic and foreign. Reforms included simplification of business registration processes reduction of licensing requirements and improvement of contract enforcement. The country regularly participated in the World Bank Doing Business report which measured regulatory environments for business.,Economic
255,Kenya Small Scale Farmers Challenges,Kenya small scale farmers who constituted the majority of agricultural producers faced challenges including high input costs limited access to credit unpredictable weather market access difficulties and post-harvest losses. The government implemented various programs to support smallholders but structural challenges in the agriculture sector persisted affecting millions of farming families.,Economic
256,Kenya Medical Devices Manufacturing Ambitions,Kenya sought to develop domestic medical device manufacturing capacity which had become more urgent following supply chain disruptions during the COVID-19 pandemic. The government provided incentives for medical device manufacturers and worked with international partners on technology transfer. Building local manufacturing capability was seen as important for Kenya health security.,Economic
257,Kenya Sustainable Tourism Development,Kenya worked to develop sustainable tourism practices that minimized environmental impacts while maximizing economic benefits for local communities. Community-based tourism initiatives gave local people ownership of tourism enterprises. Standards and certifications for sustainable tourism were developed and promoted to attract tourists who prioritized responsible travel.,Environment
258,Kenya Women Entrepreneurs Growth,Women entrepreneurs in Kenya showed significant growth in business ownership and economic participation. Financial institutions developed products targeted at women business owners. Organizations like Equity Bank and various NGOs provided mentoring capital and training to support women entrepreneurs. Kenya women-led businesses contributed significantly to job creation and economic activity.,Economic
259,Kenya Inflation Effects on Households,Kenya experienced periods of elevated inflation that eroded household purchasing power particularly affecting food and fuel prices. The Central Bank of Kenya implemented monetary policy measures to contain inflation including raising interest rates. Rising prices created hardship for low-income Kenyans and affected business investment decisions across the country.,Economic
260,Kenya Intellectual Property Framework,Kenya developed its intellectual property legal framework to protect innovations creative works and traditional knowledge. The Kenya Industrial Property Institute registered patents trademarks and industrial designs. Kenya also worked to protect traditional knowledge and geographical indications for products like Kenyan tea and coffee. The IP framework was important for attracting innovation and investment.,Governance
261,Kenya Pastoralist Communities Land Rights,Pastoralist communities in Kenya arid and semi-arid northern and northeastern regions faced multiple challenges including climate change land pressure resource-based conflicts and limited access to services. The government implemented programs to support pastoralists including livestock offtake programs during drought water infrastructure and peace-building initiatives between communities.,Social
262,Kenya Child Labour Agricultural Sector,Reports documented the prevalence of child labour in Kenya agriculture sector particularly in tea tobacco and flower farming. Children from poor families often worked in farms to supplement household incomes sometimes missing school. The government and international organizations worked to address child labour through education programs social protection and enforcement of child labour laws.,Social
263,Kenya Universities Online Learning COVID Impact,The COVID-19 pandemic accelerated the adoption of online learning across Kenyan universities and schools. Universities invested in digital learning management systems and trained faculty in online pedagogy. The shift to online learning highlighted digital inequalities with students in rural areas and from poor families lacking devices and internet access to participate fully in remote education.,Social
264,Kenya Kenyan Fashion Design Industry Growth,Kenya fashion and design industry grew significantly with Nairobi establishing itself as a fashion capital in East Africa. Kenyan designers gained international recognition for incorporating traditional African textiles and motifs into contemporary fashion. Events like Nairobi Fashion Week provided platforms for emerging designers and Kenyan fashion began attracting buyers and media from around the world.,Social
265,Kenya National Identity Huduma Namba System,Kenya government worked on implementing the Huduma Namba National Integrated Identity Management System as an upgraded national identity infrastructure. The system faced legal challenges over data privacy concerns with critics arguing it violated constitutional rights to privacy. The courts required safeguards for the collected biometric and personal data before full implementation could proceed.,Governance
266,Kenya Sisal Industry Decline and Challenges,Kenya sisal industry which had been one of the country major export earners declined significantly due to competition from synthetic fibers. Efforts were made to revive the industry by finding new markets and developing higher-value products from sisal fiber. Some counties in eastern Kenya worked to revitalize sisal growing as part of agricultural diversification efforts to support rural livelihoods.,Economic
267,Kenya Forest Cover Restoration Progress,Kenya made progress in restoring forest cover which had declined significantly due to deforestation. The government launched ambitious tree planting campaigns and worked with communities to protect remaining forests. Progress was monitored through satellite imagery and ground surveys. Environmental groups supported the restoration efforts while also advocating for stronger protection of existing forests.,Environment
268,Kenya Physical Infrastructure Investment Returns,Kenya significant investments in physical infrastructure including roads ports railways and energy were evaluated for their economic returns. Studies showed mixed results with some infrastructure clearly improving productivity and market access while other projects faced questions about cost-effectiveness and whether projected revenues would be sufficient to service associated debts.,Economic
269,Kenya Dairy Industry Growth Challenges,Kenya dairy industry was one of Africa largest with millions of smallholder farmers keeping dairy cattle. The industry faced challenges including disease management low productivity of indigenous cattle poor market linkages and milk adulteration. The government worked with farmers and private sector partners to improve the industry including through support for improved breeds disease control and market development.,Economic
270,Kenya Supreme Court Abortion Rights Ruling,Kenya courts addressed contested constitutional questions about reproductive rights including abortion. The 2010 Constitution contained provisions about reproductive health that were interpreted differently by different stakeholders. Court rulings on reproductive rights cases had significant implications for women health and rights in Kenya and generated debate between religious groups civil society and government.,Social
271,Kenya Gambling Addiction Social Problem,Kenya sports betting industry growth created significant social problems including gambling addiction particularly among young men. Studies documented the extent of problem gambling and its impacts on individuals families and communities. Religious organizations NGOs and health professionals called for stronger regulation of the industry and better support services for people with gambling problems.,Social
272,Kenya Mental Health National Policy,Kenya developed a national mental health policy and action plan to guide investment in mental health services. The policy recognized mental health as a public health priority and outlined measures to integrate mental health into primary health care. Challenges included insufficient mental health professionals limited funding and persistent stigma that prevented people from seeking help.,Health
273,Kenya Nairobi Green City Initiatives,Nairobi City County government implemented initiatives to increase green spaces improve waste management and reduce air pollution in the capital. These included tree planting along roads development of parks and efforts to reduce burning of waste. Urban residents and environmental groups advocated for more ambitious action on making Nairobi cleaner and greener.,Environment
274,Kenya Disability Rights Inclusion Programs,Kenya implemented programs to improve inclusion of persons with disabilities in education employment and public life. The constitution and the Persons with Disabilities Act provided a framework for disability rights. The government and NGOs worked to improve accessibility of public spaces and services for persons with disabilities while advocacy organizations pushed for more effective implementation.,Social
275,Kenya Renewable Energy Investment Expansion,Kenya continued to expand its renewable energy capacity through geothermal wind solar and small hydropower projects. The country aimed to have all electricity generation from clean sources with excess capacity potentially exported to neighboring countries. International climate finance and private investment supported renewable energy expansion which created jobs and reduced carbon emissions.,Environment
276,Kenya Food Fortification Program,Kenya implemented mandatory fortification of staple foods including maize flour and cooking oil with vitamins and minerals to address widespread nutritional deficiencies. The fortification program was seen as a cost-effective way to improve nutritional outcomes particularly for children and women of reproductive age. Monitoring of compliance by food manufacturers was conducted by public health authorities.,Health
277,Kenya Digital Financial Services Consumer Protection,As digital financial services expanded rapidly in Kenya concerns grew about consumer protection and fair treatment of users. Issues included hidden fees unclear terms and conditions aggressive debt collection practices by mobile lenders and insufficient redress mechanisms for consumers who experienced problems. Regulatory authorities worked to strengthen consumer protection frameworks for digital financial services.,Technology
278,Kenya Public Service Delivery Improvement,Kenya government implemented reforms to improve public service delivery reducing waiting times for passports driving licenses and other documents. Digital systems reduced the need for physical visits to government offices and cut opportunities for corruption. Customer service standards were introduced at government offices and performance was monitored through citizen feedback mechanisms.,Governance
279,Kenya Fishing Industry Lake Victoria,Kenya fishing industry particularly around Lake Victoria provided livelihoods for hundreds of thousands of fishers and fish processors. The Nile perch fishery was particularly economically significant with export earnings from processed fish contributing to foreign exchange. However overfishing pollution and climate change threatened the sustainability of the fisheries requiring management interventions.,Economic
280,Kenya Hospitality Industry Recovery Post-COVID,Kenya hospitality industry including hotels restaurants and tourism-related businesses made a gradual recovery following the severe impacts of the COVID-19 pandemic. International tourist arrivals returned and domestic tourism was encouraged through various promotions. The industry worked to attract new source markets beyond the traditional European and American visitors.,Economic
281,Kenya Solar Energy Rooftop Adoption,Kenya experienced growing adoption of rooftop solar energy systems particularly in areas with unreliable grid electricity. Falling costs of solar panels and battery storage made the technology increasingly accessible to households and businesses. Innovative financing models including pay-as-you-go solar systems enabled low-income Kenyans to access solar energy without large upfront costs.,Environment
282,Kenya Pension Reforms NSSF Coverage Expansion,Kenya worked to expand pension coverage through reforms to the National Social Security Fund and growth of private pension schemes. The formal sector pension coverage left millions of informal sector workers without retirement savings. The government explored mechanisms to extend pension coverage to informal sector workers who constituted the majority of the workforce.,Economic
283,Kenya Local Government Revenue Collection Improvement,Kenya county governments worked to improve own-source revenue collection to reduce dependence on national government transfers. Reforms included digitization of revenue collection systems reduction of cash transactions and better enforcement of license and rate payments. Some counties significantly increased their revenue collection enabling greater local investment in services and infrastructure.,Governance
284,Kenya Traditional Music Instruments Preservation,Kenya cultural organizations worked to preserve traditional music instruments and performances from various ethnic communities. Instruments including the nyatiti lyre of the Luo people and the orutu fiddle were documented and promoted through cultural festivals museums and education programs. The preservation of traditional music was seen as important for cultural identity and intergenerational heritage transmission.,Social
285,Kenya Childhood Immunization Programs Success,Kenya achieved high rates of childhood immunization against preventable diseases through routine immunization programs and supplementary immunization activities. The Kenya Expanded Program on Immunization delivered vaccines including those against polio measles tuberculosis and diphtheria. High immunization coverage contributed to significant reductions in childhood deaths from vaccine-preventable diseases.,Health
286,Kenya Fintech Companies International Expansion,Kenyan fintech companies that had built successful businesses domestically began expanding to other African markets. Companies took their experience with mobile money agent networks and digital financial services to markets including Uganda Ethiopia Ghana and Zambia. The international expansion demonstrated the exportability of Kenya fintech innovations and business models.,Technology
287,Kenya Human Rights Organizations Advocacy,Kenya vibrant civil society sector included numerous human rights organizations that monitored government conduct and advocated for the rights of marginalized communities. Organizations documented cases of police brutality land rights violations and discrimination. They engaged with government institutions the courts and international human rights bodies to promote accountability and justice.,Social
288,Kenya Harambee Stars Football Development Plans,Kenya Football Federation implemented development plans aimed at improving the quality of football at grassroots and elite levels. The plans included construction and renovation of football pitches establishment of academies for talented youth and improvement of coaching standards. Kenya looked to develop a more systematic approach to talent identification and development to strengthen the national team.,Sports
289,Kenya School Library Program Reading Culture,Programs to establish and strengthen school libraries and promote reading culture among Kenyan youth were implemented by government and civil society organizations. The decline of reading habits particularly among young people was seen as a challenge for education quality. Book donation programs mobile libraries and reading clubs were among the initiatives to encourage more young Kenyans to read.,Social
290,Kenya Avocado Water Sustainability Concerns,While Kenya avocado export industry was economically successful environmental concerns emerged about its water footprint particularly in water-scarce areas. Avocado cultivation required significant water amounts and large plantations in counties like Murang'a raised concerns about impacts on local water sources and food crop farming. Government and industry bodies worked on sustainability standards for the sector.,Environment
291,Kenya Community Based Health Insurance Pilots,Kenya piloted community-based health insurance schemes in several counties as part of efforts toward universal health coverage. The schemes pooled premiums from households to cover medical costs. The pilots demonstrated that community insurance could expand coverage particularly in rural areas but faced challenges including adverse selection premium collection and claims management.,Health
292,Kenya Independent Electoral Commission Formation,The Independent Electoral and Boundaries Commission was established under Kenya 2010 Constitution to replace the previous Electoral Commission of Kenya. The new commission was given greater independence and resources to conduct free fair and credible elections. Its performance in managing the 2013 2017 and 2022 elections was scrutinized extensively by Kenyans and international observers.,Political
293,Kenya County Governments Service Delivery,Kenya 47 county governments took over functions previously managed by the central government including health care agriculture and local infrastructure. The transition to devolved government transformed service delivery in many parts of the country. Counties developed their own development plans and worked to address locally specific needs though with varying degrees of success and efficiency.,Political
294,Kenya Senate Establishment Role,Kenya 2010 Constitution established the Senate as the upper house of Parliament to represent county interests and oversee devolution. The Senate reviewed legislation affecting counties and played a role in sharing of revenue between levels of government. The Senate composition including 47 elected county senators and additional nominated members reflected the devolved governance structure.,Political
295,Kenya Referendum Politics BBI,Kenya constitutional referendum politics peaked with the Building Bridges Initiative which sought to amend the 2010 Constitution on multiple issues. The BBI collected millions of signatures before being declared illegal by the courts. The referendum process highlighted deep divisions in Kenya politics about constitutional design and the distribution of political power.,Political
296,Kenya National Assembly Women Representatives,The 2010 Constitution introduced nominated women representatives to the National Assembly with each county having one woman member of parliament. The innovation increased women representation in parliament significantly. However the fully elected body still had far fewer women than the two-thirds gender rule required raising ongoing questions about gender equity in Kenya political institutions.,Political
297,Kenya County Governors Corruption Cases,Several Kenya county governors faced corruption charges during the early years of devolution with accusations ranging from financial mismanagement to procurement irregularities. The Ethics and Anti-Corruption Commission investigated various county executives. The corruption cases highlighted the challenges of establishing accountability at county level and the need for strong oversight mechanisms.,Political
298,Kenya Opposition Politics Challenges,Kenya opposition politics was characterized by coalitions and alliances that formed and dissolved around election cycles. Opposition parties faced challenges including government harassment inadequate resources and the difficulty of maintaining coalition unity between elections. The opposition played an important role in holding the government accountable and presenting alternative policy visions.,Political
299,Kenya Political Parties Registration,Kenya Political Parties Act established the Office of the Registrar of Political Parties to oversee the registration and conduct of political parties. The registrar had powers to deregister parties that violated election laws or engaged in ethnic incitement. The regulation of political parties was seen as important for promoting responsible politics and reducing ethnic mobilization.,Political
300,Kenya Constituency Development Fund,The Constituency Development Fund provided each member of parliament with funds to finance development projects in their constituencies. The CDF became an important tool for MPs to demonstrate development to voters but also generated controversies about governance transparency and whether the funds were being used appropriately. Courts periodically examined the constitutionality of various aspects of the CDF.,Political
301,Kenya General Election 2022 Logistics,The 2022 Kenyan general election involved complex logistics including biometric voter registration deployment of election officials to over 40000 polling stations and use of electronic result transmission systems. The IEBC managed the largest election in Kenya history with millions of voters casting ballots across the country. International observers largely endorsed the electoral process despite tensions over the results.,Political
302,Kenya Horticulture Export Growth,Kenya horticulture sector grew to become one of the country major foreign exchange earners with fresh fruits and vegetables exported to European and Middle Eastern markets. The sector employed hundreds of thousands of people particularly women in packing and grading facilities. Kenya horticulture benefited from good air connectivity and proximity to major market Europe relative to other African producers.,Economic
303,Kenya Construction Sector Growth,Kenya construction sector experienced significant growth driven by both public infrastructure investment and private real estate development. The sector employed large numbers of workers and supported demand for locally produced cement steel and other materials. Construction growth in Nairobi and other cities transformed the urban skyline and contributed to economic output.,Economic
304,Kenya Fish Export Industry,Kenya fish processing and export industry particularly around Lake Victoria provided significant export earnings. Nile perch fillets were exported primarily to European markets generating foreign exchange and employment in the processing facilities. However sustainability concerns about Lake Victoria fisheries required management interventions to prevent overfishing.,Economic
305,Kenya Iron and Steel Industry Development,Kenya worked to develop its iron and steel industry to support domestic construction and manufacturing. Local steel rolling mills processed imported steel billets into construction materials reducing import costs for downstream users. The government promoted local value addition and explored ways to develop upstream steel production capacity.,Economic
306,Kenya Cement Industry Production,Kenya had a competitive cement industry with multiple large producers serving the domestic market and exporting to neighboring countries. The industry growth was driven by construction boom stimulated by infrastructure investment and urbanization. Competition between major cement companies helped moderate prices for construction projects.,Economic
307,Kenya Diaspora Entrepreneurship Investment,Kenyan diaspora members increasingly channeled their resources into entrepreneurship and investment in their home country. Diaspora entrepreneurs established businesses in real estate technology hospitality and other sectors. The combination of international experience capital and networks made diaspora entrepreneurs an important source of innovation and investment in Kenya.,Economic
308,Kenya Foreign Direct Investment Trends,Kenya attracted foreign direct investment across multiple sectors including telecommunications retail manufacturing and financial services. The country competitiveness as an investment destination was influenced by factors including political stability infrastructure quality skilled labor availability and regional market access. Investment promotion agencies worked to attract and facilitate FDI.,Economic
309,Kenya Small Business Digital Tools Adoption,Kenya small businesses increasingly adopted digital tools for managing their operations including accounting software inventory management and digital payment acceptance. The adoption of mobile money as a payment method reduced the costs and risks of cash handling for small businesses. Digital tools helped small businesses improve their efficiency and access to markets.,Economic
310,Kenya Economic Corridor Development,Kenya developed multiple economic corridors linking its major cities and connecting to neighboring countries. The corridors including the Nairobi-Mombasa corridor and the LAPSSET northern corridor were intended to stimulate economic activity along their routes through improved infrastructure and special economic zones. The corridor approach to development was seen as a way to spread economic benefits geographically.,Economic
311,Kenya Micro Finance Institutions Growth,Kenya microfinance institutions grew significantly providing credit and other financial services to micro and small enterprises. The sector filled a gap left by commercial banks that required collateral and documentation that small borrowers could not provide. Regulatory frameworks governed the microfinance sector to protect borrowers from exploitative practices.,Economic
312,Kenya Counter Terrorism Laws,Kenya enacted counter-terrorism legislation including the Prevention of Terrorism Act which provided legal tools for prosecuting terrorist activities and supporting counter-terrorism operations. The legislation was controversial with human rights groups raising concerns about provisions that could restrict civil liberties. Implementation required balancing security needs with protection of fundamental rights.,Security
313,Kenya Armed Forces Somalia Operations,Kenya Defence Forces maintained a significant presence in southern Somalia as part of the African Union Mission AMISOM and its successor ATMIS. Kenyan soldiers occupied areas including Kismayo and worked to prevent Al-Shabaab from regaining control. The operations involved both combat missions and stabilization activities including training of Somali security forces.,Security
314,Kenya Witness Protection Agency,Kenya established a Witness Protection Agency to protect individuals who provided crucial testimony in criminal cases particularly corruption and terrorism cases. The agency offered relocation identity changes and other protective measures. Witness intimidation was a significant challenge in Kenya legal system particularly in high-profile corruption and organized crime cases.,Security
315,Kenya Border Security Management,Kenya implemented border security measures to prevent illegal immigration weapons smuggling and terrorism. The Kenya Revenue Authority and Kenya Border Management offices worked to control cross-border flows. The long and sometimes remote border with Somalia was particularly challenging to secure given the threat from Al-Shabaab and cross-border banditry.,Security
316,Kenya Maritime Security Gulf of Aden,Kenya participated in international efforts to combat piracy in the Indian Ocean and Gulf of Aden. The Kenya Navy contributed to regional maritime security cooperation and Kenya courts prosecuted Somali pirates in cases referred by international partners. Kenya cooperation was important for maintaining safe shipping lanes that supported regional trade.,Security
317,Kenya Nile Basin Initiative Cooperation,Kenya participated in the Nile Basin Initiative an intergovernmental partnership of Nile riparian countries aimed at developing the Nile River in a cooperative manner. The initiative addressed transboundary water management issues including equitable sharing of Nile waters a contentious issue particularly between upstream and downstream countries.,Environment
318,Kenya Soil Erosion Prevention Programs,Kenya implemented programs to prevent soil erosion which threatened agricultural productivity and water quality in many parts of the country. Techniques including terracing agroforestry cover cropping and construction of check dams helped reduce erosion. The programs combined technical interventions with community education and participation to achieve lasting results.,Environment
319,Kenya Mangrove Forest Conservation,Kenya coast had significant mangrove forests that provided important ecological services including coastal protection nursery habitat for fish and carbon storage. Mangroves were threatened by cutting for charcoal firewood and construction material. The Kenya Forest Service and coastal communities worked to conserve and restore mangrove forests.,Environment
320,Kenya Mountain Elgon Ecosystem Protection,Mount Elgon National Park and surrounding ecosystem on the Kenya-Uganda border was an important area for biodiversity conservation and water catchment. The mountain forest provided water for millions of people in western Kenya and Uganda. Conservation efforts addressed threats from encroachment farming and logging.,Environment
321,Kenya Wetlands Conservation Ramsar Sites,Kenya had several wetland areas designated as Ramsar sites of international importance for waterfowl. These included Lake Naivasha Lake Bogoria and other Rift Valley lakes. The wetlands provided critical habitat for migratory birds and were important for local communities who depended on them for water fishing and other resources.,Environment
322,Kenya Athletics Training Altitude Advantage,Kenya Rift Valley at high altitude provided a natural advantage for distance runners training in thin air that increased red blood cell production. The training camps in Iten Eldoret and other highland locations produced numerous world champions and Olympic medalists. Scientists studied Kenyan runners physiology seeking to understand the combination of genetics training and environment that produced such exceptional athletes.,Sports
323,Kenya Wheelchair Athletics Paralympic Success,Kenyan wheelchair athletes achieved success at Paralympic Games and World Para Athletics Championships competing in track events. The growth of disability sports in Kenya was supported by organizations including Paralympics Kenya. Athletes like Samuel Kimani inspired other Kenyans with disabilities through their sporting achievements.,Sports
324,Kenya Football Premier League KPL,The Kenya Premier League the top tier of Kenyan football featured clubs from Nairobi Mombasa and other cities competing for the league title. Clubs including Gor Mahia AFC Leopards and Tusker FC had passionate fan followings. The league faced challenges including poor infrastructure limited sponsorship and player exodus to better-paying leagues abroad.,Sports
325,Kenya Handball National Teams,Kenya handball national teams competed in African handball championships with the national women team achieving notable results. Handball was growing in popularity in Kenya supported by the International Handball Federation development programs. The sport was promoted in schools and the military which produced some of Kenya best players.,Sports
326,Kenya Athletics Federation Governance,Athletics Kenya the national athletics federation was periodically scrutinized over its governance particularly following doping scandals. The federation's relationships with World Athletics and the Athletics Integrity Unit were tested as Kenya faced sanctions threats. Reforms to the federation's governance were implemented to address concerns and demonstrate commitment to clean sport.,Sports
327,Kenya Urbanization Rural Migration Trends,Kenya experienced significant rural-to-urban migration as young people moved to cities seeking employment and opportunities. The migration transformed both urban and rural areas with cities growing rapidly while rural communities lost young workers. The government worked to create opportunities in rural areas to reduce migration pressures while also managing urban growth.,Social
328,Kenya Refugee Integration Policies,Beyond the Dadaab refugee complex Kenya hosted urban refugees in Nairobi and Mombasa who were seeking to integrate into Kenyan society. The government had a policy of encampment requiring refugees to live in designated camps but many lived in cities. Debates about refugee integration and rights shaped Kenya refugee policy over many years.,Social
329,Kenya Cultural Diversity Ethnic Groups,Kenya was home to over 40 ethnic groups each with distinct languages cultures and traditions. The ethnic diversity was a source of cultural richness but also a potential source of political tension when ethnicity was mobilized for political purposes. National cohesion programs and education aimed to build shared Kenyan identity while celebrating cultural diversity.,Social
330,Kenya Domestic Violence Legislation,Kenya enacted the Protection Against Domestic Violence Act to provide stronger legal protection for survivors of domestic violence. The law enabled courts to issue protection orders quickly and recognized various forms of violence including economic and emotional abuse. Implementation required sustained effort including training of police and judicial officers to ensure survivors received appropriate assistance.,Social
331,Kenya Drug Abuse Among Youth,Drug and substance abuse among Kenya youth was identified as a significant public health and social problem. Substances including alcohol miraa heroin and prescription drug abuse affected communities across the country. The government and civil society implemented prevention programs rehabilitation services and enforcement measures to address the drug problem.,Social
332,Kenya Traditional Medicine Integration,Kenya worked to integrate traditional and complementary medicine into the health system alongside conventional medicine. The Traditional Medicine Policy recognized the role of traditional healers in providing care particularly in rural areas. Efforts were made to document traditional remedies and ensure that any integration maintained quality and safety standards.,Health
333,Kenya Cancer Treatment Access,Kenya faced significant challenges in providing cancer treatment to patients with limited specialized facilities particularly outside Nairobi. The government worked to establish more cancer treatment centers in regional hospitals and expand access to radiotherapy and chemotherapy. Cancer screening programs aimed to detect disease earlier when treatment was more effective.,Health
334,Kenya Nutrition Programs Children,Kenya implemented nutrition programs targeting children under five and pregnant and lactating women to reduce malnutrition rates. Acute malnutrition was a particular concern in drought-affected regions of northern Kenya. Community-based management of acute malnutrition programs provided therapeutic foods to severely malnourished children.,Health
335,Kenya Health Information Systems,Kenya developed health information systems to collect analyze and use health data for improving service delivery. The District Health Information System Version 2 was implemented across all health facilities. The data collected helped identify disease outbreaks track health indicators and allocate resources more effectively in the health sector.,Health
336,Kenya Traditional Birth Attendants Skilled Care,Kenya worked to transition from traditional birth attendants to skilled birth attendants for deliveries as part of efforts to reduce maternal and neonatal mortality. The number of facility-based deliveries increased significantly as access to healthcare improved and women were educated about the benefits of delivering with skilled care. However access challenges persisted in remote areas.,Health
337,Kenya Auditor General Reports Government Spending,The Auditor General office conducted annual audits of government spending and published reports highlighting irregularities wastage and unauthorized expenditure. The reports were presented to parliament and discussed in public. The audit function was important for financial accountability though implementation of audit recommendations by government agencies remained inconsistent.,Governance
338,Kenya Commission on Revenue Allocation,The Commission on Revenue Allocation was established to make recommendations on the sharing of revenue between national and county governments. The commission developed formulas based on population land area poverty levels and other criteria. Its recommendations informed negotiations between levels of government and helped ensure equitable distribution of national resources.,Governance
339,Kenya Freedom of Information Act,Kenya enacted legislation providing citizens with the right to access information held by government bodies. The Access to Information Act required public entities to proactively publish information and respond to information requests. Implementation was uneven with some agencies being more responsive than others to information requests from citizens and journalists.,Governance
340,Kenya Parliamentary Budget Office,Kenya Parliamentary Budget Office provided independent economic and fiscal analysis to support parliamentary oversight of government budgeting. The office helped legislators understand complex fiscal matters and scrutinize government budget proposals. Independent budget analysis was seen as important for improving the quality of parliamentary debate on financial matters.,Governance
341,Kenya National Land Commission,The National Land Commission established under the 2010 Constitution was responsible for managing public land investigating historical land injustices and recommending land reforms. Land issues including historical injustices from colonial and post-independence policies were among Kenya most contentious political topics. The commission worked on land audits and restitution processes.,Governance
342,Kenya Agritech Startups Farmer Support,Kenya agricultural technology startups developed digital solutions to help farmers access weather information market prices inputs and financial services. Apps and platforms allowed farmers to sell directly to buyers reducing middleman costs. Agritech was seen as having significant potential to transform Kenya agricultural sector by improving information access and market linkages for smallholder farmers.,Technology
343,Kenya Health Tech Digital Solutions,Kenya health technology sector produced innovative digital solutions for patient management telemedicine medical record keeping and disease surveillance. Startups developed apps for connecting patients to doctors and for managing chronic diseases remotely. Digital health solutions were particularly valuable for reaching rural populations who had limited access to healthcare facilities.,Technology
344,Kenya Education Technology E-Learning,Kenya education technology sector developed digital learning content platforms and tools to support education at all levels. Following the COVID-19 pandemic e-learning adoption accelerated significantly. Platforms provided access to lessons practice questions and educational content for students unable to attend physical schools. The government explored integrating edtech into the formal curriculum.,Technology
345,Kenya 5G Network Plans Implementation,Kenya telecommunications companies announced plans to roll out fifth generation 5G mobile network technology in major urban areas. The faster network speeds would enable new applications including Internet of Things devices advanced mobile services and improved connectivity for businesses. The 5G rollout was part of Kenya broader digital infrastructure development agenda.,Technology
346,Kenya Open Data Initiative Government,Kenya launched an Open Data Initiative making government datasets publicly available for citizens researchers and developers. The open data portal provided access to datasets on various topics including health education agriculture and economic statistics. Developers used the data to build applications and analysis tools that provided public value.,Technology
347,Kenya Economic Austerity Measures 2024,Following the budget crisis of 2024 Kenya government implemented austerity measures including cuts to public sector budgets reduction of overseas travel by government officials and rationalization of state agencies. The measures were part of efforts to reduce the fiscal deficit and meet conditions for IMF support. The cuts affected public services and generated debate about priorities.,Trending
348,Kenya Urban Planning Challenges 2024,Kenya cities particularly Nairobi continued to grapple with rapid urbanization creating challenges for housing transport water and sanitation. The Nairobi Metropolitan Services sought to coordinate urban planning across the greater metropolitan area. Informal settlements continued to house millions of residents without adequate services highlighting the gap between urban growth and infrastructure provision.,Trending
349,Kenya East African Community Expansion,The East African Community expanded with the admission of the Democratic Republic of Congo in 2022 and ongoing accession negotiations with Somalia. The expansion presented both opportunities for larger market integration and challenges for cohesion given the different economic and political situations of member states. Kenya worked to shape the direction of the enlarged EAC.,Trending
350,Kenya Diplomatic Africa Climate Leadership,Kenya positioned itself as an African leader on climate diplomacy following the successful hosting of the Africa Climate Summit in 2023. President Ruto took an active role in international climate forums advocating for carbon markets and climate finance for Africa. Kenya ambitious renewable energy goals were cited as an example of African-led climate action.,Trending
351,Kenya Mobile Gaming Market Growth,Kenya mobile gaming market grew rapidly as smartphone penetration increased and mobile internet became more affordable. Gaming apps attracted millions of Kenyan users particularly young people. Local game developers began creating games with Kenyan themes and characters. The growing gaming market attracted international gaming companies and created opportunities for local content creators.,Trending
352,Kenya Social Media Political Influence 2024,Social media platforms including Twitter Facebook TikTok and WhatsApp played increasingly influential roles in Kenya political discourse. The Gen Z protests demonstrated how social media could mobilize young Kenyans for political action outside traditional party structures. Political parties and government agencies adapted their communication strategies to engage with citizens through social media.,Trending
353,Kenya Nairobi Real Estate Luxury Segment,Nairobi luxury real estate segment attracted wealthy Kenyans diaspora investors and expatriates seeking high-end residential properties. Upscale developments in areas like Karen Runda and Westlands featured amenities and security that commanded premium prices. The luxury real estate market reflected Nairobi status as a regional hub for international business and diplomacy.,Trending
354,Kenya Football Coach Changes National Team,Kenya national football team underwent several coaching changes as the federation sought to improve the Harambee Stars performance. Foreign and local coaches were appointed at different times with each bringing different tactical approaches and philosophies. The coaching instability was seen as one factor affecting the team consistent performance in continental competitions.,Trending
355,Kenya Education Curriculum Changes Debate,The transition to the Competency Based Curriculum generated ongoing debate about its implementation costs benefits and implications for students especially those preparing for university admission. Parents teachers and education experts engaged in public discussions about whether the curriculum changes were achieving their intended goals of producing well-rounded graduates.,Trending
356,Kenya Gig Economy Workers Rights,Kenya growing gig economy including ride-hailing delivery services and digital freelancing employed hundreds of thousands of people who lacked traditional employment protections. Questions about the rights and protections for gig workers including minimum earnings social security and safety protections were increasingly debated. The government and labor organizations explored appropriate regulatory frameworks.,Trending
357,Kenya Environmental Impact Assessment Reforms,Kenya reformed its environmental impact assessment processes to make them more efficient while maintaining environmental protection standards. The National Environment Management Authority worked to reduce delays in approving development projects while ensuring proper environmental scrutiny. Environmental groups called for stronger protections particularly for sensitive ecosystems and indigenous community lands.,Trending
358,Kenya Pension Savings Culture Development,Kenya worked to build a stronger savings and pension culture particularly among younger workers and informal sector participants. Financial literacy programs educated Kenyans about the importance of long-term savings for retirement. The growth of the pension industry was seen as important for both individual financial security and for developing a domestic pool of long-term investment capital.,Trending
359,Kenya Domestic Tourism Promotion,Kenya tourism authorities promoted domestic tourism encouraging Kenyans to explore their own country wildlife parks beaches and cultural sites. The COVID-19 pandemic which severely restricted international tourism prompted a focus on developing the domestic tourism market. Domestic visitors to national parks and other attractions increased as affordability and awareness improved.,Trending
360,Kenya Inflation Household Budgets Impact,Rising inflation in Kenya affected household budgets with food fuel and transport costs increasing significantly. Low-income families were hardest hit as a larger proportion of their income went to necessities. The government implemented measures including price controls on essential commodities and tax reductions on some food items to reduce the burden on consumers.,Trending
361,Kenya Public Universities Funding Crisis,Kenya public universities faced a funding crisis with inadequate government capitation grants leading to financial difficulties. Some universities struggled to pay salaries and maintain facilities. The funding challenges prompted discussions about the sustainability of the public university system and the need for reforms to diversify revenue sources and improve efficiency.,Trending
362,Kenya Music Streaming Platforms Local Content,The growth of global music streaming platforms in Kenya created opportunities for Kenyan musicians to reach larger audiences but also raised questions about fair compensation for African artists. Local streaming platforms and radio stations continued to play important roles in the Kenya music ecosystem. Advocacy for better royalty collection and distribution supported Kenyan artists rights.,Trending
363,Kenya Smart City Initiatives,Kenya pursued smart city initiatives in Nairobi and Konza Technopolis incorporating technology solutions for traffic management waste collection energy efficiency and citizen services. Smart infrastructure attracted technology companies and demonstrated Kenya ambition to leverage technology for urban management. The initiatives required significant investment and capacity to implement effectively.,Trending
364,Kenya Tourism Wildlife Poaching Threats,Kenya wildlife continued to face poaching threats particularly for elephants and rhinos. The government Kenya Wildlife Service and conservation organizations maintained anti-poaching operations. Technology solutions including drones tracking collars and community ranger programs helped improve surveillance and response times. International cooperation on combating illegal wildlife trade was important for reducing demand.,Trending
365,Kenya Digital Payments Growth Mobile,Kenya experienced dramatic growth in digital payments as more businesses and consumers adopted mobile money bank apps and digital payment systems. The shift away from cash was accelerated by the COVID-19 pandemic and deliberate policy to expand digital financial infrastructure. Kenya digital payments ecosystem became one of the most advanced in Africa attracting global attention.,Trending
366,Kenya Climate Migrants Internal Displacement,Climate change impacts including recurring droughts and flooding were driving internal displacement in Kenya with communities in arid areas particularly affected. People moved from drought-stricken northern counties to urban areas and more productive agricultural regions. The government developed policies to address climate-related displacement and support affected communities.,Trending
367,Kenya Equity Group Holdings Pan-Africa Strategy,Equity Group Holdings articulated and implemented a pan-African banking strategy making strategic acquisitions in East and Central Africa. The group developed a digital-first banking approach using technology to reach customers across the continent. Equity ambitious growth plans reflected Kenya corporate confidence and the potential for East African businesses to operate continentally.,Trending
368,Kenya Youth Political Empowerment Programs,Following the 2024 protests Kenya institutions worked to channel youth energy into formal political participation. Programs supporting young candidates for elective office youth caucuses in parliament and civic education initiatives aimed to integrate young Kenyans into democratic processes. The protests had demonstrated youth potential for political impact.,Trending
369,Kenya Airways Posts Record Loss of KSh 36 Billion in 2020,"Kenya Airways reported its worst financial performance in 2020, posting a net loss of KSh 36 billion largely attributed to the COVID-19 pandemic which grounded flights worldwide. The airline, known as 'The Pride of Africa,' had to ground its entire fleet for several months and lay off hundreds of staff as passenger numbers plummeted. The government, a major shareholder, pledged support to keep the national carrier afloat.",Economic
370,Kenya Airways Launches Direct Nairobi-New York Route,"Kenya Airways inaugurated its first non-stop flight between Nairobi's Jomo Kenyatta International Airport and New York's John F. Kennedy Airport in October 2018, becoming the first African airline to operate the route. The 15-hour flight eliminated the need for stopovers in Europe or the Middle East, significantly cutting travel time for passengers between East Africa and North America.",Economic
371,JKIA Named Best Airport in Africa Multiple Times,"Jomo Kenyatta International Airport in Nairobi has been recognized as the Best Airport in Africa by Skytrax multiple times, drawing millions of passengers annually. The airport serves as a major continental hub connecting East Africa to destinations across Europe, Asia, the Middle East, and the Americas, handling over 8 million passengers annually before the COVID-19 pandemic disruption.",Infrastructure
372,Wilson Airport Celebrates 90 Years of Operation,"Wilson Airport in Nairobi, one of the busiest light aircraft airports in Africa, celebrated over nine decades of continuous operation. Originally built in the 1930s and named after Florence Wilson, the airport serves as a base for safari flights, humanitarian operations, and charter services across East and Central Africa.",Historical
373,Kenya's KCSE 2022 Results Show Improved Performance Nationally,"The Kenya National Examinations Council released the 2022 Kenya Certificate of Secondary Education results, showing an overall improvement in mean scores across the country. Top students from various counties were celebrated, with several achieving straight As in all subjects. Education Cabinet Secretary emphasized ongoing reforms aimed at making secondary education more practical and relevant to the job market.",Social
374,University of Nairobi Ranked Top University in East Africa,"The University of Nairobi consistently ranks as the top university in East Africa in various continental and global rankings. Established in 1956 as the Royal Technical College, the university has grown to enroll over 80,000 students across multiple campuses. Its alumni include sitting and former heads of state, Nobel laureates, and prominent business leaders across the continent.",Social
375,Kenya Introduces Competency-Based Curriculum in Primary Schools,"Kenya launched the Competency-Based Curriculum (CBC) to replace the older 8-4-4 education system that had been in place since 1985. The new curriculum focuses on practical skills, critical thinking, and holistic child development rather than rote memorization. Implementation began in Grade One in 2017, gradually extending to higher grades, with the first CBC cohort expected to enter secondary school by 2023.",Social
376,Kenya's Free Primary Education Policy Boosts Enrolment to 9 Million,"The introduction of free primary education in 2003 under President Mwai Kibaki's government resulted in a dramatic surge in school enrolment, with over 1.5 million additional pupils joining primary schools in the first year alone. Total enrolment eventually surpassed 9 million pupils, one of the largest increases in primary school attendance seen anywhere in the world following a single policy change.",Historical
377,Strathmore University Becomes Leading Business School in East Africa,"Strathmore University in Nairobi has grown to become one of the most respected institutions of higher learning in East Africa, particularly renowned for its business, law, and technology programs. The university's ACCA pass rates consistently rank among the highest in Africa, and its graduates are sought after by leading multinational companies operating across the continent.",Social
378,Equity Bank Crosses 15 Million Customer Milestone,"Equity Bank Group, headquartered in Nairobi, crossed the milestone of 15 million customers, making it one of the largest banks by customer base in Africa. Founded in 1984 as a building society serving low-income Kenyans, Equity Bank transformed itself into a pan-African financial institution operating in seven African countries. Its model of mass-market banking became a case study taught in top business schools globally.",Economic
379,KCB Group Acquires National Bank of Kenya,"Kenya Commercial Bank Group completed the acquisition of National Bank of Kenya in 2019, creating a larger and more competitive financial institution. The merger was aimed at stabilizing National Bank, which had faced years of financial difficulties, while expanding KCB's market share. The combined entity strengthened KCB's position as one of the largest banks in East Africa by assets.",Economic
380,"Kenya's NSE 20 Share Index Hits Record High of 5,774 Points in 2014","The Nairobi Securities Exchange 20-Share Index reached an all-time high of 5,774 points in February 2014, reflecting strong investor confidence in Kenya's economic growth story. The rally was driven by strong corporate earnings, political stability following the 2013 elections, and growing interest from foreign portfolio investors attracted by Kenya's economic expansion and improving business environment.",Economic
381,Central Bank of Kenya Introduces New Generation Currency Notes,"The Central Bank of Kenya introduced a new generation of currency notes in 2019, the first major currency redesign in decades. The new notes, which removed images of former President Daniel arap Moi as required by the 2010 constitution which prohibits images of living persons on currency, featured prominent landmarks and symbols representing Kenya's heritage and aspirations.",Economic
382,M-Pesa Reaches 30 Million Users in Kenya Alone,"Safaricom's M-Pesa mobile money platform reached 30 million active users in Kenya, cementing its status as the world's most successful mobile money service. Launched in 2007, M-Pesa processes transactions worth billions of shillings daily, representing a significant portion of Kenya's GDP flowing through the platform. The service has spawned an ecosystem of financial products built on top of its infrastructure.",Technology
383,KenGen Commissions 280MW Olkaria Geothermal Plant,"Kenya Electricity Generating Company (KenGen) commissioned new geothermal capacity at the Olkaria complex in the Rift Valley, bringing total installed geothermal capacity to over 800 megawatts. Kenya is the leading geothermal energy producer in Africa and ranks among the top ten globally. The expansion was financed through a combination of government funding and international development finance.",Infrastructure
384,Kenya Launches 310MW Lake Turkana Wind Power Project,"The Lake Turkana Wind Power project, Africa's largest wind farm at the time of its completion, was connected to the national grid in 2017 after years of development. Located in Marsabit County in northern Kenya, the 365-turbine wind farm generates approximately 310 megawatts of electricity, representing about 17% of Kenya's installed electricity generation capacity at the time.",Infrastructure
385,Kenya Achieves 75% Renewable Energy Mix in National Grid,"Kenya achieved a renewable energy mix of over 75% in its national electricity grid, one of the highest ratios in the world for a developing country. The mix includes geothermal, hydroelectric, wind, and solar sources. The achievement was driven by heavy investment in the Olkaria geothermal fields, the Lake Turkana Wind Power project, and the last mile electrification program.",Environment
386,Kenya Pipeline Company Completes Mombasa-Nairobi Pipeline Upgrade,"The Kenya Pipeline Company completed a major upgrade of the petroleum products pipeline running from Mombasa Port to Nairobi, increasing its capacity to handle growing demand for fuel. The pipeline is critical infrastructure for Kenya's energy supply, transporting refined petroleum products from the coastal refinery to upcountry distribution depots, reducing dependence on costly road tanker transport.",Infrastructure
387,Kenya Burns Largest Ever Ivory Stockpile Worth $172 Million,"In April 2016, Kenya burned 105 tonnes of ivory and 1.35 tonnes of rhino horn, the largest such destruction in history valued at approximately $172 million. President Uhuru Kenyatta personally lit the pyres at Nairobi National Park in a dramatic statement against poaching and ivory trafficking. The event attracted global attention and strengthened international resolve against the illegal wildlife trade.",Environment
388,Wangari Maathai Wins Nobel Peace Prize for Environmental Work,"Professor Wangari Maathai became the first African woman to win the Nobel Peace Prize in 2004, recognized for her contribution to sustainable development, democracy, and peace through her Green Belt Movement. Founded in 1977, the movement mobilized Kenyan women to plant over 30 million trees across the country to combat deforestation, soil erosion, and desertification, while empowering rural communities.",Historical
389,Kenya's Amboseli National Park Celebrates 50 Years as a Protected Area,"Amboseli National Park, famous for its large elephant herds and spectacular views of Mount Kilimanjaro across the border in Tanzania, celebrated five decades as a protected conservation area. The park hosts some of the longest-running elephant research programs in the world and attracts hundreds of thousands of tourists annually, generating vital revenue for Kenya's economy and local communities.",Environment
390,Mau Forest Complex Faces Continued Encroachment Crisis,"Kenya's largest indigenous forest, the Mau Forest Complex, continued to face serious threats from illegal encroachment, logging, and human settlement. The forest serves as the water tower for several major rivers, including the Mara River which sustains the Maasai Mara ecosystem and the Serengeti migration. Government efforts to evict illegal settlers from forest land sparked controversy and humanitarian concerns.",Environment
391,Kenya Launches National Tree Growing Campaign Targeting 15 Billion Trees,"The Kenyan government launched an ambitious national campaign to plant 15 billion trees over several years to restore degraded forest cover. The initiative followed years of forest loss and was framed as a response to climate change, watershed protection, and biodiversity conservation. All government institutions, schools, and communities were mobilized to participate in the mass planting exercise.",Environment
392,Eliud Kipchoge Sets New World Marathon Record of 2:01:09 in Berlin,"Eliud Kipchoge shattered the world marathon record at the Berlin Marathon in September 2018, clocking 2:01:09 to break the previous record by 78 seconds — the biggest improvement to the men's marathon world record in 50 years. Kipchoge, widely regarded as the greatest marathon runner in history, displayed his characteristic metronomic pacing and calm demeanor throughout the race.",Sports
393,Faith Kipyegon Breaks 1500m World Record Three Times in One Year,"Kenyan middle-distance queen Faith Kipyegon broke the women's 1500m world record three times within a remarkable 12-month period, demonstrating complete dominance of the event. The Olympic champion also broke the world records at 5000m and the mile during the same period, establishing herself as one of the greatest track athletes of any era.",Sports
394,Vivian Cheruiyot Wins London Marathon in Course Record Time,"Vivian Cheruiyot won the London Marathon in a women's course record time, adding to Kenya's remarkable dominance in road running. The former world and Olympic 5000m champion transitioned successfully to the marathon, joining a long line of Kenyan athletes who have excelled across multiple distances. Her victory further cemented Kenya's reputation as the world's leading producer of distance running talent.",Sports
395,Kenya Wins Consecutive World Cross Country Championships,"Kenya's athletes dominated the World Cross Country Championships over multiple consecutive editions, winning team and individual titles across various age groups. The championships cemented Kenya's status as the world's greatest cross-country running nation, with runners from the Rift Valley region particularly dominant. Schools in Iten, Eldoret, and surrounding areas serve as breeding grounds for the next generation of champions.",Sports
396,Harambee Stars Qualify for Africa Cup of Nations for First Time in 15 Years,"Kenya's national football team, Harambee Stars, qualified for the Africa Cup of Nations tournament for the first time in 15 years, sparking nationwide celebrations. The qualification renewed interest in football across the country and was seen as a sign of progress for Kenyan football development. The team's journey to qualification included memorable wins against traditionally stronger continental rivals.",Sports
397,Kenya Sends Peacekeeping Troops to Somalia Under AMISOM,"Kenya has been a major contributor to the African Union Mission in Somalia (AMISOM), deploying thousands of soldiers to fight Al-Shabaab militants in southern Somalia. Kenya Defence Forces troops entered Somalia in October 2011 following a series of cross-border attacks and kidnappings attributed to the militant group. Kenyan forces captured the strategic port city of Kismayo in 2012, a major blow to Al-Shabaab's finances.",Security
398,Garissa University Attack Claims 148 Lives in 2015,"Al-Shabaab militants attacked Garissa University College in northeastern Kenya on 2 April 2015, killing 148 people, mostly students. The attack was the deadliest terrorist incident in Kenya since the 1998 US Embassy bombing. Gunmen stormed the campus early in the morning, separating Christian students from Muslims before executing them. The tragedy prompted a national debate on security preparedness and the treatment of northeastern Kenya.",Security
399,Kenya Police Service Launches Community Policing Initiative Nationwide,"The Kenya Police Service rolled out a nationwide community policing initiative aimed at building trust between law enforcement and the communities they serve. The program, modeled on successful examples from other countries, trained officers in community engagement, conflict resolution, and human rights. Critics noted that meaningful police reform required addressing systemic issues including corruption and use of excessive force.",Security
400,Kenya's 2010 Constitution Voted On in Historic Referendum,"Kenyans voted overwhelmingly in favor of a new constitution in a referendum held on 4 August 2010, with 67% voting yes. The new constitution, which replaced the independence constitution of 1963, introduced a bill of rights, devolution of power to 47 county governments, a bicameral legislature, and an independent judiciary. It was hailed as one of the most progressive constitutions in Africa.",Governance
401,Uhuru Kenyatta and William Ruto Charged at International Criminal Court,"President Uhuru Kenyatta and his deputy William Ruto faced charges at the International Criminal Court related to their alleged roles in orchestrating post-election violence in 2007-2008 that killed over 1,300 people and displaced 600,000. Both denied the charges. Kenyatta's case was eventually dropped in 2014 due to insufficient evidence, and Ruto's case was later terminated after the prosecution withdrew charges.",Governance
402,Raila Odinga's 'Handshake' with President Kenyatta Ends Political Standoff,"Opposition leader Raila Odinga and President Uhuru Kenyatta made a surprise public handshake at Harambee House in March 2018, ending months of political tensions following the disputed 2017 elections. The unexpected reconciliation, dubbed the 'Building Bridges Initiative', shocked both their supporters and opponents and reshaped Kenya's political landscape. The two rivals promised to work together on national unity and electoral reforms.",Political
403,Kenya's Devolution System Transfers Trillions to County Governments,"Kenya's system of devolution, established under the 2010 constitution, has transferred trillions of shillings to the 47 county governments over a decade of implementation. The system aimed to bring development closer to ordinary citizens and reduce the concentration of resources in Nairobi. While celebrated as a major governance achievement, devolution has also been criticized for creating opportunities for county-level corruption and mismanagement.",Governance
404,Senate Passes Bill to Increase Women's Representation in Parliament,"The Kenyan Senate passed legislation aimed at increasing women's representation in Parliament to meet the constitutional requirement that no single gender constitute more than two-thirds of any elected body. Despite multiple legislative attempts, Kenya has struggled to meet this two-thirds gender rule, with women consistently underrepresented in both the National Assembly and the Senate since the 2013 elections.",Governance
405,Kenya Celebrates Golden Jubilee of Independence in 2013,"Kenya marked 50 years of independence from British colonial rule on 12 December 2013, with major celebrations held at Nyayo National Stadium in Nairobi. President Uhuru Kenyatta, whose father Jomo Kenyatta was the founding father of the nation, presided over the Jamhuri Day celebrations. The golden jubilee prompted reflection on the country's achievements and the challenges that remained in the areas of inequality, corruption, and ethnic division.",Historical
406,Kapenguria Six: Kenyatta and Colleagues Detained by Colonial Government,"Jomo Kenyatta and five other Kenyan nationalists, known as the 'Kapenguria Six', were detained by the British colonial government in 1953 following the Mau Mau Uprising. Kenyatta was tried in controversial proceedings and convicted of managing the Mau Mau movement, a charge he always denied. He was held in remote Kapenguria in northern Kenya for years before being released in 1961 as independence negotiations advanced.",Historical
407,Mau Mau Uprising Reshapes Kenya's Path to Independence,"The Mau Mau Uprising of the 1950s, primarily involving Kikuyu fighters demanding return of stolen land from British settlers, accelerated Kenya's path to independence. The British colonial government declared a state of emergency in 1952 and detained tens of thousands of Kenyans in concentration camps under brutal conditions. The uprising proved that the cost of maintaining colonial rule had become too high, hastening political negotiations.",Historical
408,Kenya's First General Election Held in 1963,"Kenya held its first general election on universal adult suffrage in May 1963, with the Kenya African National Union (KANU) led by Jomo Kenyatta winning a majority. The election paved the way for internal self-government and full independence on 12 December 1963. The transition to independence was relatively peaceful compared to other African nations, and Kenya joined the Commonwealth as an independent nation.",Historical
409,Tom Mboya Assassinated in Nairobi in 1969,"Tom Mboya, one of Kenya's most gifted politicians and a leading figure in pan-African politics, was shot and killed in broad daylight on a Nairobi street on 5 July 1969. Mboya had been a key architect of Kenya's independence and was widely seen as a potential future president. His assassination, in which a Kikuyu gunman was convicted, inflamed ethnic tensions between the Luo and Kikuyu communities.",Historical
410,"Dedan Kimathi, Mau Mau Leader, Captured and Executed by British","Field Marshal Dedan Kimathi, the most celebrated military leader of the Mau Mau freedom movement, was captured by the British colonial government in October 1956 in the Aberdare forests. After a brief trial, he was executed by hanging on 18 February 1957. Kimathi became a symbol of resistance against colonialism and is honored as a national hero. His statue was erected on Kimathi Street in Nairobi after independence.",Historical
411,Nairobi Expressway Officially Opens to Traffic in 2022,"The Nairobi Expressway, a 27-kilometre elevated toll road running from Mlolongo on the outskirts of the city to Westlands, was officially opened to traffic in 2022. Built by a Chinese company under a public-private partnership, the expressway significantly reduced travel time along the notoriously congested Nairobi-Mombasa highway corridor. The road generated controversy over its toll charges and fears about debt obligations to the Chinese contractor.",Infrastructure
412,Thika Superhighway Transformed Commuting from Nairobi to Thika,"The Thika Superhighway, an eight-lane dual carriageway connecting Nairobi to Thika town, was completed and commissioned by President Mwai Kibaki in 2012 after three years of construction. The road, built with Chinese financing and contractors, reduced the journey from Nairobi to Thika from over an hour of gridlock to a mere 30 minutes, transforming commuting patterns and spurring real estate and commercial development along the corridor.",Infrastructure
413,Kenya Opens New Lamu Port as Part of LAPSSET Corridor,"Kenya officially commissioned the first three berths of the new Lamu Port in 2021, a key component of the ambitious Lamu Port-South Sudan-Ethiopia Transport (LAPSSET) Corridor project. The port, located on the Indian Ocean coast in Lamu County, is intended to serve as a major new trade gateway for landlocked countries in East and Central Africa and relieve pressure on the congested Mombasa Port.",Infrastructure
414,Nairobi Metropolitan Services Transforms City Governance,"The Nairobi Metropolitan Services, established in 2020 under the Kenya Defence Forces, took over several functions previously handled by the Nairobi City County government, including road maintenance, public health, and urban planning. The intervention by President Kenyatta was controversial, seen by some as undermining devolution and elected county government, but by others as a necessary step to address Nairobi's chronic urban management failures.",Governance
415,iHub Nairobi Becomes Africa's Most Famous Tech Hub,"iHub, founded in 2010 in Nairobi, became one of the most celebrated technology innovation hubs in Africa, hosting hundreds of startups and helping launch numerous successful tech companies. The hub provided co-working space, mentorship, and networking opportunities for Kenya's growing technology ecosystem. Its success inspired the creation of similar hubs across the continent, and Nairobi earned the nickname 'Silicon Savannah'.",Technology
416,Ushahidi Platform Developed in Kenya Deployed Globally,"Ushahidi, a crowdsourcing and crisis-mapping platform developed in Kenya following the 2007-2008 post-election violence, was subsequently deployed in humanitarian crises and elections around the world. The open-source software allowed citizens to report incidents via SMS, which were then mapped in real time. It was used during the Haiti earthquake, elections across Africa, and numerous other crisis situations globally.",Technology
417,Kenya Launches e-Government Services Portal Huduma,"Kenya launched the Huduma Kenya service delivery platform, consolidating hundreds of government services under a single portal and in dedicated Huduma Centres across the country. Citizens could apply for national identity cards, passports, driving licenses, and various other government documents in one location without the need to visit multiple government offices. The system significantly reduced bureaucratic red tape and opportunities for corruption.",Governance
418,Safaricom's M-Pesa Processes More Transactions Than Western Union Globally,"Safaricom revealed that its M-Pesa mobile money platform was processing more transactions globally than Western Union, the world's largest money transfer company. The milestone underlined the revolutionary impact of M-Pesa on financial services, not just in Kenya but globally, inspiring similar mobile money solutions across Africa, Asia, and Latin America. M-Pesa had transformed Kenya into a global leader in financial technology.",Technology
419,Kenya's Tech Startups Raise Record $800 Million in 2021,"Kenyan tech startups raised a record $800 million in venture capital funding in 2021, more than any other African country that year and reflecting the growing global investor interest in Kenya's technology ecosystem. Leading recipients included fintech, health tech, and agritech companies. The boom cemented Nairobi's status as the preeminent startup hub in Africa and attracted major global technology companies to establish African headquarters in the city.",Technology
420,Kenya Elected to UN Security Council as Non-Permanent Member,"Kenya was elected as a non-permanent member of the United Nations Security Council for a two-year term starting in 2021, representing the Africa group. Kenya's election was a significant diplomatic achievement reflecting its standing as a regional leader and active participant in international peacekeeping and diplomacy. Kenya used its seat to advocate for African issues including the Somalia conflict and climate change.",International
421,President Kenyatta Addresses UN General Assembly on Climate Change,"President Uhuru Kenyatta addressed the United Nations General Assembly urging developed nations to honor their climate finance commitments and support developing countries in adapting to climate change. Kenya, despite contributing minimally to global greenhouse gas emissions, faces severe climate impacts including prolonged droughts, floods, and shifting agricultural patterns that threaten the livelihoods of millions.",International
422,Kenya Signs East African Community Common Market Protocol,"Kenya signed and ratified the East African Community Common Market Protocol, which came into force in 2010, allowing for the free movement of goods, services, capital, and eventually people across the six-member EAC bloc. The protocol opened up a market of over 170 million people for Kenyan businesses and was seen as a major step towards deeper regional integration and the eventual creation of an East African federation.",International
423,Nairobi Hosts First-Ever Global Sustainable Blue Economy Conference,"Nairobi hosted the world's first Sustainable Blue Economy Conference in November 2018, bringing together representatives from over 160 countries to discuss sustainable use of ocean resources. Kenya, as the host country, positioned itself as a leader in ocean governance and the sustainable management of maritime resources. The conference produced commitments on fisheries management, marine pollution, and sustainable coastal tourism.",International
424,"Kenya Eradicates Polio, Declared Free of Wild Poliovirus","Kenya was declared free of wild poliovirus following years of intensive vaccination campaigns across the country. The achievement came through concerted efforts by the Ministry of Health, the World Health Organization, UNICEF, and local health workers who reached even remote communities with oral polio vaccine. The declaration made Kenya part of the group of African nations that had successfully eliminated the crippling disease.",Health
425,Kenya's Universal Health Coverage Pilot Launched in Four Counties,"President Uhuru Kenyatta launched a Universal Health Coverage pilot program in four counties — Machakos, Nyeri, Kisumu, and Isiolo — in 2018, aimed at ensuring all Kenyans can access essential health services without financial hardship. The pilot, which offered free or heavily subsidized healthcare, was the centerpiece of the government's Big Four Agenda on health. Plans for national rollout faced funding and logistical challenges.",Health
426,Kenya Records Alarming Rise in Non-Communicable Diseases,"Health authorities raised the alarm over a sharp rise in non-communicable diseases (NCDs) including diabetes, hypertension, and cancer in Kenya. NCDs now account for more than a third of all hospital deaths in the country. Health experts attributed the trend to changing lifestyles, poor diets, physical inactivity, and tobacco and alcohol use, warning that the burden would overwhelm the health system if not urgently addressed.",Health
427,Kenyatta National Hospital Performs First Successful Kidney Transplant,"Kenyatta National Hospital, Kenya's largest public referral hospital, performed the country's first successful kidney transplant, reducing the need for Kenyan patients to travel abroad for the life-saving procedure. The milestone was achieved after years of building local surgical capacity and was celebrated as a major breakthrough for Kenya's medical capabilities. Subsequent transplants were performed with growing success rates.",Health
428,Kisumu City Undergoes Major Waterfront Redevelopment,"Kisumu, the third-largest city in Kenya and the capital of Kisumu County on Lake Victoria's shores, underwent major urban redevelopment including the transformation of its lakefront area. The Kisumu Waterfront Development project created recreational spaces, boat piers, and a fish market, revitalizing the lakeshore economy and improving the city's tourism appeal. The transformation was supported by international development partners.",Infrastructure
429,Mombasa Port Handles Record Container Traffic,"Mombasa Port, the largest port in East Africa, handled record container volumes, reflecting growing trade across the region. The port serves not only Kenya but also landlocked countries including Uganda, Rwanda, Burundi, South Sudan, the Democratic Republic of Congo, and Ethiopia. Port expansion programs, including construction of new berths and improved logistics, have steadily increased handling capacity over the years.",Economic
430,Nakuru Becomes Kenya's Fourth City,"Nakuru was officially elevated from a municipality to a city in December 2021, becoming Kenya's fourth city after Nairobi, Mombasa, and Kisumu. The elevation recognized Nakuru's rapid growth into a major urban center in the Rift Valley region and its economic importance as a commercial and agricultural hub. The new city status was expected to attract more investment and infrastructure development to the region.",Governance
431,Eldoret Positioned as Hub for Athletics Training Worldwide,"Eldoret in Uasin Gishu County has become one of the world's most important centers for long-distance running training, attracting elite athletes from across the globe. The high-altitude environment, cool temperatures, and world-class training facilities including the Kipchoge Keino Stadium draw thousands of athletes annually. The running economy has created significant employment and business opportunities for the local community.",Sports
432,Kenya's Maasai Moran Warriors Recognized on UNESCO Heritage List,"Kenya's Maasai community celebrated recognition of aspects of their cultural traditions on UNESCO's lists of intangible cultural heritage. The Maasai, known for their distinctive red clothing, beadwork, and warrior culture, have maintained many of their traditions despite the pressures of modernization. Cultural tourism centered on Maasai communities generates significant income, though debates continue about authenticity and fair benefit-sharing.",Social
433,Kenyan Literature Celebrates Ngugi wa Thiong'o's Continued Global Influence,"Kenyan author Ngugi wa Thiong'o, widely regarded as Africa's greatest living novelist, continued to be celebrated globally and repeatedly mentioned as a frontrunner for the Nobel Prize in Literature. His novels, including 'Weep Not Child', 'A Grain of Wheat', and 'Petals of Blood', chronicle Kenya's colonial experience and post-independence struggles. His decision to write in Gikuyu rather than English made him a powerful advocate for African languages.",Social
434,Kenya's Music Industry Booms with Gengetone Genre,"Kenya's music industry experienced a boom with the emergence of Gengetone, a genre blending dancehall, hip-hop, and traditional African rhythms with lyrics in Sheng, the urban slang of Nairobi. Artists like Ethic Entertainment, Sailors, and Mbogi Genje became household names among Kenya's urban youth. Gengetone's raw, unpolished style resonated with young Kenyans and attracted the attention of international music labels and streaming platforms.",Social
435,Kenyan Fashion Designers Gain International Recognition,"Kenyan fashion designers began gaining international recognition on global runways and in prestigious fashion publications. Designers incorporating traditional Kenyan fabrics, beadwork, and motifs into contemporary fashion found audiences in Paris, London, and New York. The growth of Nairobi Fashion Week provided a platform for emerging designers to showcase their work and contributed to a growing creative economy in the country.",Social
436,Kenya's Tea Remains World's Top Export Earner for Decades,"Tea has been Kenya's top agricultural export earner for decades, with the country consistently ranking among the world's top three tea exporters. The Kenya Tea Development Agency manages millions of smallholder tea farmers in the highlands, who contribute over 60% of total production. Kenya's tea, known for its distinctive bright color and strong flavor, is particularly prized in global markets including Pakistan, Egypt, and the UK.",Economic
437,Flower Industry Makes Kenya World's Third Largest Cut Flower Exporter,"Kenya's cut flower industry grew to make the country the world's third-largest exporter of cut flowers after the Netherlands and Colombia. The industry, centered around Lake Naivasha in the Rift Valley, employs hundreds of thousands of Kenyans directly and indirectly. Kenyan flowers, particularly roses, are sold in markets across Europe and reach consumers within 24 hours of being cut thanks to air freight links through Nairobi.",Economic
438,Kenya Faces Devastating Drought Threatening Food Security for 4 Million,"A severe drought gripped large parts of Kenya, threatening food security for an estimated 4 million people in arid and semi-arid counties. The drought, linked to a prolonged failure of seasonal rains, decimated livestock herds in pastoral communities and caused crop failures among smallholder farmers. The government declared the drought a national disaster and appealed for international humanitarian assistance.",Social
439,Kenya Launches Irrigation Projects to Reduce Rain-Dependence in Farming,"The Kenyan government launched several large-scale irrigation projects aimed at reducing the agricultural sector's dependence on rain-fed farming, which leaves millions vulnerable to drought. Projects including the Galana-Kulalu irrigation scheme in Coast Province and smaller community irrigation schemes across arid counties were intended to open up arable land for year-round food production.",Economic
440,Avocado Export Boom Makes Kenya One of Africa's Top Avocado Producers,"Kenya emerged as one of Africa's top avocado producers, with exports growing dramatically as global demand for the fruit surged. Smallholder farmers in counties including Muranga, Kisii, and Trans Nzoia expanded avocado cultivation in response to strong prices in European markets. The avocado boom offered economic opportunities but also raised concerns about monoculture farming, water use, and the displacement of food crops.",Economic
441,Nation Media Group Celebrates 60 Years as East Africa's Largest Media Company,"Nation Media Group, publisher of the Daily Nation newspaper and operator of NTV and QFM radio, celebrated six decades of operations as East Africa's largest privately-owned media company. Founded by the Aga Khan, the group expanded from a single newspaper in Kenya to a multimedia conglomerate operating in Kenya, Uganda, Tanzania, and Rwanda. The Daily Nation remains the highest-circulation newspaper in East Africa.",Social
442,"Kenya Broadcasting Corporation Goes Digital, Ends Analogue Signal","Kenya Broadcasting Corporation completed the switch from analogue to digital television broadcasting, ending the analogue signal that had served Kenya since television was introduced in the 1960s. The transition to digital broadcasting offered viewers more channels and better picture quality, while freeing up radio spectrum for other uses including mobile broadband. Kenya met the ITU's deadline for digital migration ahead of several neighboring countries.",Technology
443,Social Media Use Transforms Kenya's Political Discourse,"The rapid adoption of social media platforms including Twitter, Facebook, and WhatsApp transformed Kenya's political discourse, giving ordinary citizens an unprecedented platform to comment on, critique, and influence politics. Politicians adapted by building large social media followings and using platforms to communicate directly with voters. The flip side included the rapid spread of misinformation and hate speech, particularly around election periods.",Technology
444,Kenya's Drought in 2022 Declared the Worst in 40 Years,"Kenya experienced its worst drought in 40 years in 2022, with four consecutive failed rainy seasons leaving millions in need of humanitarian assistance. Livestock deaths numbered in the hundreds of thousands in pastoral counties, and severe acute malnutrition rates among children reached alarming levels in some areas. The crisis was part of a broader Horn of Africa drought affecting millions across Kenya, Somalia, and Ethiopia.",Environment
445,Nairobi River Rehabilitation Project Launched to Restore Polluted Waterway,"Nairobi launched a major rehabilitation project for the Nairobi River, which flows through the city and had become severely polluted from industrial discharge, sewage, and solid waste dumping. The multi-year project aimed to clean up the river and its tributaries, restore riparian vegetation, and create green corridors within the city. The initiative required cooperation between the national government, county government, and private sector.",Environment
446,Kenya's Coral Reefs Under Threat from Climate Change and Bleaching,"Scientists raised the alarm over the deteriorating state of Kenya's coral reefs along the Indian Ocean coast, with significant bleaching events recorded due to rising sea temperatures linked to climate change. The reefs support the livelihoods of thousands of coastal fishing communities and are the foundation of Kenya's beach tourism industry. Marine protected areas were established, but enforcement remained a challenge.",Environment
447,Kenya's Asian Community Shaped Early Commerce and Industry,"Kenya's Asian community, comprising mainly people of South Asian origin brought to East Africa during the colonial period, played a pivotal role in shaping the country's commercial and industrial landscape. Asian traders and entrepreneurs established businesses across the country and contributed significantly to the construction of the Uganda Railway. Despite periods of tension and discrimination, the community has remained a vital part of Kenya's economic fabric.",Historical
448,The Lancaster House Conference Paves Way for Kenya's Independence,"The Lancaster House conferences in London in the early 1960s brought together British colonial officials and Kenyan political leaders to negotiate the terms of Kenya's independence. The conferences, held in 1960 and 1962, agreed on a constitution and electoral arrangements for independence. The process was complex, involving negotiations over land reform, the rights of white settlers, and the relationship between different ethnic communities.",Historical
449,Daniel arap Moi Leads Kenya for 24 Years After Kenyatta,"Daniel arap Moi became Kenya's second president upon the death of Jomo Kenyatta in August 1978 and ruled the country for 24 years until 2002. His presidency was marked by early stability, followed by increasing authoritarianism, single-party rule, and economic decline. Moi withstood international pressure for multiparty democracy through the early 1990s before conceding in 1991. He died in February 2020 at the age of 95.",Historical
450,The Shifta War: Kenya's Forgotten Conflict in the Northeast,The Shifta War was a low-intensity separatist conflict fought between the Kenyan government and ethnic Somali fighters in northeastern Kenya between 1963 and 1967. Ethnic Somalis in the Northern Frontier District had sought to join newly independent Somalia rather than remain part of Kenya. The conflict resulted in significant civilian casualties and human rights abuses and has largely been overlooked in mainstream Kenyan historical narratives.,Historical
451,J.M. Kariuki: The People's Champion Murdered in 1975,"Josiah Mwangi Kariuki, known as J.M., was a charismatic Member of Parliament who championed the cause of poor Kenyans and was extremely popular for his criticism of the growing inequality under Kenyatta's government. He was brutally murdered in March 1975, his mutilated body found on the slopes of the Ngong Hills. The parliamentary select committee that investigated his death was dissolved after it pointed fingers at powerful government figures.",Historical
452,Kenya's Rugby Sevens Team Wins Singapore Sevens Tournament,"Kenya's national rugby sevens team, the Shujaa, won the Singapore Sevens tournament on the HSBC World Rugby Sevens Series, one of the team's biggest victories on the international circuit. The win highlighted Kenya's growing prowess in the abbreviated format of the game and was celebrated as a landmark moment for rugby in Kenya. The Shujaa have consistently been competitive on the world sevens circuit.",Sports
453,"Amos Birunei Sets New Kenyan Record in 10,000 Metres","Kenyan distance runner Amos Birunei set a new national record in the 10,000 metres, continuing Kenya's tradition of excellence on the track at longer distances. Distance running records in Kenya have been regularly broken as successive generations of athletes from the Rift Valley emerge to push the boundaries of human endurance performance.",Sports
454,Kenya Cricket Team Achieves Historic World Cup Qualification,"Kenya's cricket team achieved the remarkable feat of qualifying for the ICC Cricket World Cup, becoming one of only a handful of Associate cricket nations to reach the sport's biggest stage. Kenya's finest cricketing moment came at the 2003 World Cup co-hosted by South Africa, Zimbabwe and Kenya, where the team reached the semi-finals, defeating India and Sri Lanka along the way in a stunning run.",Sports
455,"Nick Kyrgios Defeats Kenyans in Davis Cup Tie, Highlighting East Africa Gap","Kenya's Davis Cup tennis team participated in the Africa Group competition, striving to advance in international tennis despite limited infrastructure and funding compared to traditional tennis powers. Kenyan tennis administrators have worked to develop grassroots programs to identify and nurture talent, inspired by the success of individual players who have competed at professional tour level.",Sports
456,Kenya's GDP Growth Averages Over 5% for a Decade,"Kenya's economy recorded average GDP growth of over 5% per year for most of the decade from 2010 to 2020, making it one of the fastest-growing economies in sub-Saharan Africa. The growth was driven by expansion in services, construction, manufacturing, and agriculture, as well as increased investment in infrastructure. Kenya's middle class grew steadily, driving consumer spending and demand for financial and digital services.",Economic
457,Nairobi Ranked Africa's Fourth Most Expensive City for Expatriates,"Nairobi was ranked as Africa's fourth most expensive city for expatriates in annual cost of living surveys, reflecting the high costs of international-standard housing, international schools, and imported goods. The survey highlighted the sharp divide between the expensive lifestyle of Nairobi's expatriate community and international business class and the daily struggles of the majority of Nairobi's residents living in informal settlements.",Economic
458,Kenya Establishes Special Economic Zones to Attract Foreign Investment,"The Kenyan government established Special Economic Zones in several strategic locations to attract foreign direct investment and promote industrial development. The zones offered incentives including tax breaks, simplified regulatory procedures, and purpose-built infrastructure to manufacturing and export-oriented businesses. The Dongo Kundu SEZ in Mombasa and similar initiatives in other counties aimed to diversify Kenya's economy away from service industries.",Economic
459,Kenya's Cost of Living Crisis Drives Protests in 2023,"Kenya faced a severe cost of living crisis in 2023, with prices of basic food items including maize flour, cooking oil, and sugar rising sharply. The crisis triggered street protests in several towns and intensified pressure on President William Ruto's government to address the economic hardship. The government responded with tax adjustments, imports of subsidized grain, and other measures to ease the burden on ordinary Kenyans.",Trending
460,President William Ruto Launches Bottom-Up Economic Model,"President William Ruto, elected in August 2022, launched his signature 'Bottom-Up Economic Transformation Agenda', aimed at directing resources and opportunities to the lower rungs of Kenya's economic ladder. The agenda focused on affordable credit for small businesses and farmers, affordable fertilizer for smallholder farmers, and housing programs for low-income earners. Critics questioned whether the programs would be adequately funded given Kenya's tight fiscal space.",Trending
461,Kenya Receives IMF Bailout Amid Rising Debt Concerns,"Kenya entered a loan program with the International Monetary Fund as concerns mounted about the country's rising debt levels and fiscal sustainability. The IMF program came with conditions including revenue-raising measures and spending cuts that the government needed to implement. Kenya's external debt had grown rapidly due to borrowing for infrastructure projects, and debt service costs consumed a growing share of government revenue.",Trending
462,Anti-Finance Bill Protests Lead to Deaths and National Crisis in 2024,"In June 2024, massive protests erupted across Kenya against a Finance Bill that proposed new taxes on bread, cooking oil, and other basic commodities. Led largely by young Kenyans organized through social media, the demonstrations became the largest civil unrest in Kenya in years. When protesters stormed Parliament in Nairobi, security forces opened fire, killing several people. President Ruto subsequently withdrew the Finance Bill and dismissed most of his Cabinet.",Trending
463,Kenya's Gen Z Protesters Force Withdrawal of Finance Bill 2024,"The Finance Bill 2024 protests marked a historic moment when Kenya's Generation Z, organized primarily through social media platforms including TikTok and X (formerly Twitter), forced a major government policy reversal. Young Kenyans, many protesting for the first time, defied teargas, live ammunition, and abductions by security forces to sustain demonstrations. The movement drew international attention and was seen as a watershed in Kenya's democratic development.",Trending
464,Ruto Fires Cabinet After Gen Z Protests Paralyze Nation,"Following the deadly anti-Finance Bill protests and mounting public pressure, President William Ruto dismissed almost his entire Cabinet in a dramatic gesture of political accountability. The president acknowledged that the government had failed to listen to citizens and pledged to form a broad-based government. The mass firing was unprecedented in Kenya's political history and was interpreted as recognition that the protests had fundamentally changed the political calculus.",Trending
465,Kenya Sends Police to Haiti Under UN-Backed Security Mission,"Kenya agreed to lead a multinational security support mission to Haiti under a United Nations framework, deploying over 1,000 police officers to help restore order in the Caribbean nation, which had been devastated by gang violence following the assassination of President Jovenel Moïse. The deployment made Kenya a significant player in international peacekeeping and generated debate domestically about the use of scarce security resources.",International
466,"Nairobi Hosts Africa Climate Summit, Kenya Champions Carbon Markets","Nairobi hosted the inaugural Africa Climate Summit in September 2023, where African leaders gathered to present a common position ahead of international climate negotiations. Kenya used the summit to champion the development of African carbon markets as a mechanism for financing climate action on the continent. President Ruto emerged as a leading African voice on climate finance, arguing that wealthy nations owed a debt to Africa for climate damage they had not caused.",Environment
467,Kenya's Adani Airport Deal Scrapped Amid Corruption Allegations,A planned deal to hand over management of Jomo Kenyatta International Airport and build a new terminal involving the Indian Adani Group was scrapped following widespread public opposition and allegations of corruption. The deal became controversial amid global scrutiny of the Adani Group's business practices. The cancellation was seen as another victory for Kenyan civil society's capacity to hold government accountable on major economic deals.,Trending
468,Maandamano: Opposition's Weekly Protests Bring Nairobi to Standstill,"Kenya's opposition coalition, Azimio la Umoja, led by Raila Odinga, organized a series of weekly protests dubbed 'Maandamano' in 2023 to demand electoral reforms and lower cost of living. The protests paralyzed business in Nairobi and other cities on multiple occasions. The government and opposition eventually entered dialogue, though critics questioned whether meaningful reforms would result from the negotiations.",Political
469,Raila Odinga Runs for African Union Commission Chairperson,"Former Prime Minister and veteran opposition leader Raila Odinga launched a bid for the chairpersonship of the African Union Commission in 2024, with backing from the Kenyan government. Odinga positioned himself as a pan-African leader with the experience and vision to lead the continental body. His candidacy drew attention to Kenya's ambitions for greater influence within African institutions.",International
470,Kenya Launches Digital National Identity System (Maisha Namba),"Kenya launched a new digital national identity system called Maisha Namba, aiming to give every Kenyan a unique identification number from birth that would be linked to all government services. The system was intended to replace the existing ID card system and create a comprehensive digital identity infrastructure. Critics raised concerns about privacy, data protection, and potential exclusion of marginalized communities.",Technology
471,Hustler Fund Reaches 21 Million Kenyans with Microloans,"The government's Hustler Fund, a mobile-based microloan facility launched by President Ruto's administration, reported that over 21 million Kenyans had accessed credit through the platform within months of its launch. The fund offered small, affordable loans via mobile phones to individuals and small groups, aimed at providing financial inclusion for those excluded from formal banking. Critics questioned the long-term financial sustainability of the fund.",Economic
472,Kenya's Coffee Sector Revived Through Direct Trade Model,"Kenya's coffee sector experienced a revival as producers increasingly adopted direct trade models, selling directly to international buyers rather than through the traditional auction system. This allowed farmers to receive higher prices for their premium arabica coffee, recognized globally for its fruity, complex flavor profiles. Coffee cooperatives in counties including Nyeri, Kirinyaga, and Murang'a led the transformation, with some Kenyan coffees fetching record prices at international competitions.",Economic
473,Nairobi Ranked Africa's Tech Capital for Third Consecutive Year,"Nairobi was ranked as Africa's leading technology and innovation hub for the third consecutive year by a global technology benchmarking report. The ranking cited the city's density of tech startups, presence of major global technology company offices, venture capital activity, and quality of technical talent. Nairobi's Silicon Savannah status attracted regional and continental headquarters for companies including Google, Microsoft, IBM, and Uber.",Technology
474,Kenya Launches First Ever National Census Using Digital Tools,"Kenya conducted its national population and housing census using digital data collection tools for the first time, with enumerators equipped with smartphones and tablets to record data in the field. The 2019 census counted approximately 47.6 million Kenyans, confirming the country's rapid population growth. The digital approach allowed for faster data processing and more detailed geographic analysis than previous paper-based censuses.",Governance
475,Kenyan Runners Win All Six World Marathon Majors in Single Year,"In an extraordinary display of dominance, Kenyan runners won all six of the World Marathon Majors — Boston, London, Berlin, Chicago, Tokyo, and New York — in the men's and women's categories in the same calendar year. The unprecedented sweep was celebrated in Kenya as proof of the country's unrivalled depth in long-distance running talent and the effectiveness of training programs centered around the Rift Valley.",Sports
476,Kenya's Maasai Mara Hosts Record 3 Million Wildebeest in Annual Migration,"The Great Wildebeest Migration through Kenya's Maasai Mara National Reserve was recorded as one of the largest in recent decades, with an estimated 3 million wildebeest, zebras, and gazelles crossing from Tanzania's Serengeti plains in search of fresh pasture. The migration, often called the eighth wonder of the world, attracts hundreds of thousands of tourists and generates billions of shillings in tourism revenue for Kenya.",Environment
477,Kenya Bans Single-Use Plastics in Parks and Beaches,"Kenya extended its landmark ban on single-use plastic bags, introduced in 2017, to include plastic bottles and food packaging in national parks, beaches, forests, and conservation areas. The extension was aimed at addressing the growing problem of plastic pollution in Kenya's natural heritage sites. Kenya's 2017 plastic bag ban was one of the strictest in the world and was widely praised as a model for other countries to follow.",Environment
478,Kenyatta University Becomes Kenya's Largest University by Enrollment,"Kenyatta University surpassed the University of Nairobi to become Kenya's largest public university by student enrollment, with over 80,000 students enrolled across its main campus in Kahawa and satellite campuses across the country. The university's growth reflected Kenya's rapidly expanding demand for higher education and the government's push to increase university access for the growing youth population.",Social
479,Kenya Hosts East African Community Heads of State Summit,"Nairobi hosted a summit of East African Community heads of state, bringing together leaders from Kenya, Uganda, Tanzania, Rwanda, Burundi, South Sudan, and the Democratic Republic of Congo to discuss regional integration, peace and security, and economic cooperation. The summits have been instrumental in advancing the EAC's agenda of creating a common market, a monetary union, and eventually a political federation.",International
480,Rift Valley Fever Outbreak Kills Livestock and Humans in Northern Kenya,"An outbreak of Rift Valley Fever in northern Kenya killed hundreds of livestock and several humans in pastoral communities, triggering a government emergency response. The disease, spread by mosquitoes and through contact with infected animals, causes severe hemorrhagic fever in humans. Authorities moved to vaccinate livestock and trace human contacts to contain the spread. Rift Valley Fever outbreaks have periodically affected Kenya's pastoral communities.",Health
481,Kenya Introduces National Hospital Insurance Fund Reforms,"Kenya announced major reforms to the National Hospital Insurance Fund (NHIF), the country's primary public health insurance scheme, aimed at expanding coverage and improving services. The reforms, which included changes to premium structures and benefit packages, were part of the government's push toward universal health coverage. Critics from civil society raised concerns about affordability for low-income earners and the quality of services at public hospitals.",Health
482,Kenya Deports Terror Suspects to Somalia Under Bilateral Agreement,"Kenya deported a number of suspected terrorists to Somalia under a bilateral security agreement between the two countries, part of ongoing efforts to counter Al-Shabaab's recruitment and operational networks in Kenya. The deportations were controversial, with human rights organizations raising concerns about due process and the risk of refoulement. Security officials defended the action as necessary to protect Kenya from terrorist attacks.",Security
483,Kenya Pipeline Vandalism Causes Fuel Shortage Nationwide,"Vandalism of the Kenya Pipeline Company's infrastructure caused a significant fuel shortage that disrupted transport, industry, and households across Kenya. Pipeline vandalism, driven by fuel theft rings operating in connivance with insiders, has been a recurring problem costing the country billions of shillings annually. The government mounted security operations along the pipeline route and prosecuted several suspects in connection with the vandalism.",Security
484,President Ruto Launches Affordable Housing Program Across Kenya,"President William Ruto launched an ambitious affordable housing program as one of his administration's flagship development initiatives, targeting the construction of 200,000 housing units per year to address Kenya's severe housing deficit. The program proposed a levy on workers' salaries to fund the construction, which sparked legal challenges and public controversy. Opponents argued the levy was unconstitutional and placed an unfair burden on already stretched workers.",Trending
485,Kenya's Export Processing Zones Generate $2 Billion in Annual Exports,"Kenya's Export Processing Zones, established to attract export-oriented manufacturing investment, generated approximately $2 billion in export revenues annually, mainly from garments and textiles sold to the United States under the African Growth and Opportunity Act. The zones employ tens of thousands of workers, primarily women, and have attracted investment from Asian manufacturers. Labor rights groups have raised concerns about working conditions in EPZ factories.",Economic
486,Kenya Marks 10 Years Since New Constitution Came Into Force,"Kenya marked the tenth anniversary of the promulgation of its new constitution, which came into force in August 2010 following a referendum. The constitution, which introduced devolution, strengthened the bill of rights, and created an independent judiciary, was widely celebrated as Kenya's most significant post-independence achievement. Analysts assessed a decade of implementation, noting gains in devolution and rights protection alongside persistent challenges including corruption and impunity.",Governance
487,Kenyan Women Elected to Record Number of Positions in 2022 Elections,"The 2022 general elections saw Kenyan women elected to a record number of positions at both national and county levels, though the constitutional two-thirds gender rule remained unmet. Women were elected as governors, senators, members of parliament, and members of county assemblies in greater numbers than ever before. The progress was celebrated by women's rights advocates while they continued to push for legislative action to meet the constitutional gender threshold.",Governance
488,Lake Victoria Levels Rise to Highest Point in Decades,"Lake Victoria, the world's largest tropical lake shared by Kenya, Uganda, and Tanzania, recorded the highest water levels in decades, causing flooding in lakeside communities in Kisumu and other towns. The rise was attributed to unusually heavy rainfall across the lake's massive catchment area. The floods destroyed homes, displacement thousands of families, and disrupted fishing on the lake. Climate scientists warned that extreme water level fluctuations would become more common.",Environment
489,Kenya Hosts World Rally Championship Safari Rally After 19-Year Absence,"The Safari Rally Kenya returned to the FIA World Rally Championship calendar in 2021 after a 19-year absence, marking a triumphant homecoming for one of the most legendary events in international motorsport. The rally, known for its rough terrain and unpredictable conditions, attracted the world's top rally drivers and generated massive media coverage internationally. The event showcased Kenya's landscapes and tourism offering to a global audience.",Sports
490,Kenya Wins Right to Host 2027 Africa Cup of Nations,"Kenya was awarded the right to host the 2027 Africa Cup of Nations football tournament, either alone or jointly with neighboring countries, representing a landmark moment for Kenyan football and its ambitions to host a major continental sporting event. The bid required significant investment in stadium upgrades and construction, training facilities, and transport infrastructure. The prospect of hosting AFCON galvanized football development efforts across the country.",Sports
491,Wiper Leader Kalonzo Musyoka Announces Presidential Bid for 2027,"Wiper Democratic Movement leader Kalonzo Musyoka announced his intention to contest the 2027 presidential election, positioning himself for a third attempt at the country's top office. Kalonzo, who served as Vice President under Mwai Kibaki from 2008 to 2013, has been a central figure in Kenyan opposition politics for decades. His announcement set the stage for early maneuvering within the opposition as parties began to consider potential alliances and coalitions.",Political
492,Kenya's Judiciary Annuls Presidential Election for First Time in African History,"The Supreme Court of Kenya made continental history in September 2017 when it annulled the presidential election results, finding that the Independent Electoral and Boundaries Commission had committed irregularities in the transmission of results. The decision, authored by Chief Justice David Maraga, was celebrated globally as a landmark demonstration of judicial independence and the rule of law in Africa. It ordered a fresh election within 60 days, which was subsequently held.",Historical
493,M-Kopa Solar Brings Affordable Energy to Off-Grid Kenyan Homes,"M-Kopa Solar, a Nairobi-based company, pioneered a pay-as-you-go solar home system model that brought affordable clean energy to hundreds of thousands of off-grid Kenyan households. Customers paid for their solar systems in small daily installments via M-Pesa, eliminating the need for a large upfront payment. The model was celebrated as an example of innovative financing meeting a critical development need and was replicated across Africa.",Technology
494,Kenya's Judiciary Wins Global Rule of Law Award,"Kenya's judiciary was recognized internationally for its commitment to judicial independence and rule of law following high-profile decisions that demonstrated the courts' willingness to check executive power. The recognition came despite ongoing challenges including case backlogs, insufficient resources, and corruption in the lower courts. Chief Justice Martha Koome, the first woman to lead Kenya's judiciary, was prominent in championing judicial accountability.",Governance
495,Kenya Records Worst Flooding in 50 Years in 2024,"In 2024, Kenya experienced devastating floods following exceptionally heavy rains associated with the El Niño weather phenomenon. The floods killed hundreds of people, displaced hundreds of thousands, and caused billions of shillings in damage to infrastructure. The Mai Mahiu area was particularly devastated when a dam broke, sending a wall of water through a camp for internally displaced persons. The disaster highlighted Kenya's vulnerability to extreme weather events.",Environment
496,Kenya's Pension Fund Industry Assets Surpass KSh 1.5 Trillion,"Kenya's pension fund industry grew to manage assets exceeding KSh 1.5 trillion, making it one of the largest pension sectors in sub-Saharan Africa relative to the size of the economy. The Retirement Benefits Authority regulates over 1,200 schemes including the National Social Security Fund. The sector has become a major institutional investor in Kenya's equity market, bond market, and real estate, contributing to long-term capital market development.",Economic
497,Kenya Arrests High-Profile Suspects in War on Corruption,"Kenya's Ethics and Anti-Corruption Commission and Directorate of Criminal Investigations made several high-profile arrests of government officials and businesspersons accused of corruption and theft of public funds. The arrests were welcomed by civil society as evidence of renewed commitment to fighting corruption, though critics pointed out that prosecutions frequently stalled and convictions of powerful individuals remained rare. Anti-corruption efforts were a central campaign promise of successive governments.",Governance
498,Kisumu Hosts First East Africa International Film Festival,"Kisumu, the gateway to Lake Victoria and Kenya's third-largest city, hosted the inaugural East Africa International Film Festival, showcasing films from across the region and the African continent. The festival reflected the growing vitality of East Africa's film industry, with Kenyan productions increasingly finding audiences beyond national borders. The event aimed to establish Kisumu as a cultural hub and boost tourism to the lakeside city.",Social
499,Kenya's Matatu Culture Recognized as Unique Urban Art Form,"Kenya's matatus, the ubiquitous privately-owned minibuses that form the backbone of urban public transport, were recognized internationally as a unique form of urban popular art. Matatus are famous for their elaborate custom paint jobs, graffiti art, neon lights, and booming sound systems, reflecting Nairobi's vibrant street culture. Academic researchers, photographers, and documentary filmmakers from around the world have documented and celebrated this distinctly Kenyan cultural phenomenon.",Social
500,Kenya's 2019 Population Census Counts 47.6 Million People,"Kenya's 2019 national population and housing census returned a count of approximately 47.6 million people, confirming the country's continued rapid population growth. The census revealed that Kenya adds about one million people every eight months. Population growth has significant implications for demand for food, housing, education, healthcare, and employment, posing challenges for development planning across all levels of government.",Social
501,Kenyan Scientist Develops Affordable Malaria Diagnostic Tool,"A Kenyan scientist developed an affordable rapid diagnostic tool for malaria that could be manufactured locally at a fraction of the cost of imported alternatives. The innovation was celebrated as an example of the homegrown scientific solutions Africa needs to address its health challenges. The diagnostic tool, validated in clinical trials across Kenya's malaria-endemic regions, was licensed for production and attracted interest from health authorities across East Africa.",Health
